{
    "description": "",
    "tags": [
        {
            "id": 107913193,
            "tagId": 29184443,
            "name": "train",
            "value": null,
            "labelerLogin": "Nishikant",
            "createdAt": "2021-06-16T11:21:38.134Z",
            "updatedAt": "2021-06-16T11:21:38.134Z"
        }
    ],
    "size": {
        "height": 590,
        "width": 1042
    },
    "objects": [
        {
            "id": 750057194,
            "classId": 2957384,
            "description": "",
            "geometryType": "polygon",
            "labelerLogin": "Nishikant",
            "createdAt": "2021-06-16T11:21:38.134Z",
            "updatedAt": "2021-06-16T11:21:38.134Z",
            "tags": [
                {
                    "id": 122579522,
                    "tagId": 29184434,
                    "name": "Yellow Lane Marking",
                    "value": "Solid",
                    "labelerLogin": "Nishikant",
                    "createdAt": "2021-06-16T11:21:38.134Z",
                    "updatedAt": "2021-06-16T11:21:38.134Z"
                }
            ],
            "classTitle": "Lane Marking",
            "points": {
                "exterior": [
                    [
                        0,
                        342
                    ],
                    [
                        278,
                        228
                    ],
                    [
                        366,
                        190
                    ],
                    [
                        405,
                        168
                    ],
                    [
                        406,
                        168
                    ],
                    [
                        367,
                        191
                    ],
                    [
                        278,
                        230
                    ],
                    [
                        0,
                        346
                    ]
                ],
                "interior": []
            }
        },
        {
            "id": 750057193,
            "classId": 2957384,
            "description": "",
            "geometryType": "polygon",
            "labelerLogin": "Nishikant",
            "createdAt": "2021-06-16T11:21:38.134Z",
            "updatedAt": "2021-06-16T11:21:38.134Z",
            "tags": [
                {
                    "id": 122579521,
                    "tagId": 29184434,
                    "name": "Yellow Lane Marking",
                    "value": "Solid",
                    "labelerLogin": "Nishikant",
                    "createdAt": "2021-06-16T11:21:38.134Z",
                    "updatedAt": "2021-06-16T11:21:38.134Z"
                }
            ],
            "classTitle": "Lane Marking",
            "points": {
                "exterior": [
                    [
                        47,
                        589
                    ],
                    [
                        384,
                        225
                    ],
                    [
                        403,
                        204
                    ],
                    [
                        421,
                        180
                    ],
                    [
                        428,
                        169
                    ],
                    [
                        428,
                        171
                    ],
                    [
                        423,
                        180
                    ],
                    [
                        416,
                        192
                    ],
                    [
                        387,
                        228
                    ],
                    [
                        94,
                        589
                    ]
                ],
                "interior": []
            }
        },
        {
            "id": 750057192,
            "classId": 2957379,
            "description": "",
            "geometryType": "polygon",
            "labelerLogin": "Nishikant",
            "createdAt": "2021-06-16T11:21:38.134Z",
            "updatedAt": "2021-06-16T11:21:38.134Z",
            "tags": [
                {
                    "id": 122579520,
                    "tagId": 29184433,
                    "name": "Crosswalk",
                    "value": "White Hatched",
                    "labelerLogin": "Nishikant",
                    "createdAt": "2021-06-16T11:21:38.134Z",
                    "updatedAt": "2021-06-16T11:21:38.134Z"
                }
            ],
            "classTitle": "Crosswalk",
            "points": {
                "exterior": [
                    [
                        343,
                        164
                    ],
                    [
                        355,
                        161
                    ],
                    [
                        363,
                        162
                    ],
                    [
                        354,
                        166
                    ],
                    [
                        345,
                        166
                    ]
                ],
                "interior": []
            }
        },
        {
            "id": 750057191,
            "classId": 2957379,
            "description": "",
            "geometryType": "polygon",
            "labelerLogin": "Nishikant",
            "createdAt": "2021-06-16T11:21:38.134Z",
            "updatedAt": "2021-06-16T11:21:38.134Z",
            "tags": [
                {
                    "id": 122579519,
                    "tagId": 29184433,
                    "name": "Crosswalk",
                    "value": "White Hatched",
                    "labelerLogin": "Nishikant",
                    "createdAt": "2021-06-16T11:21:38.134Z",
                    "updatedAt": "2021-06-16T11:21:38.134Z"
                }
            ],
            "classTitle": "Crosswalk",
            "points": {
                "exterior": [
                    [
                        383,
                        157
                    ],
                    [
                        405,
                        157
                    ],
                    [
                        404,
                        160
                    ],
                    [
                        379,
                        160
                    ]
                ],
                "interior": []
            }
        },
        {
            "id": 750057190,
            "classId": 2957379,
            "description": "",
            "geometryType": "polygon",
            "labelerLogin": "Nishikant",
            "createdAt": "2021-06-16T11:21:38.134Z",
            "updatedAt": "2021-06-16T11:21:38.134Z",
            "tags": [
                {
                    "id": 122579518,
                    "tagId": 29184433,
                    "name": "Crosswalk",
                    "value": "White Hatched",
                    "labelerLogin": "Nishikant",
                    "createdAt": "2021-06-16T11:21:38.134Z",
                    "updatedAt": "2021-06-16T11:21:38.134Z"
                }
            ],
            "classTitle": "Crosswalk",
            "points": {
                "exterior": [
                    [
                        417,
                        157
                    ],
                    [
                        434,
                        157
                    ],
                    [
                        433,
                        159
                    ],
                    [
                        415,
                        159
                    ]
                ],
                "interior": []
            }
        },
        {
            "id": 750057189,
            "classId": 2957379,
            "description": "",
            "geometryType": "polygon",
            "labelerLogin": "Nishikant",
            "createdAt": "2021-06-16T11:21:38.134Z",
            "updatedAt": "2021-06-16T11:21:38.134Z",
            "tags": [
                {
                    "id": 122579517,
                    "tagId": 29184433,
                    "name": "Crosswalk",
                    "value": "White Hatched",
                    "labelerLogin": "Nishikant",
                    "createdAt": "2021-06-16T11:21:38.134Z",
                    "updatedAt": "2021-06-16T11:21:38.134Z"
                }
            ],
            "classTitle": "Crosswalk",
            "points": {
                "exterior": [
                    [
                        444,
                        158
                    ],
                    [
                        460,
                        158
                    ],
                    [
                        460,
                        160
                    ],
                    [
                        444,
                        160
                    ]
                ],
                "interior": []
            }
        },
        {
            "id": 750057188,
            "classId": 2957379,
            "description": "",
            "geometryType": "polygon",
            "labelerLogin": "Nishikant",
            "createdAt": "2021-06-16T11:21:38.134Z",
            "updatedAt": "2021-06-16T11:21:38.134Z",
            "tags": [
                {
                    "id": 122579516,
                    "tagId": 29184433,
                    "name": "Crosswalk",
                    "value": "White Hatched",
                    "labelerLogin": "Nishikant",
                    "createdAt": "2021-06-16T11:21:38.134Z",
                    "updatedAt": "2021-06-16T11:21:38.134Z"
                }
            ],
            "classTitle": "Crosswalk",
            "points": {
                "exterior": [
                    [
                        463,
                        160
                    ],
                    [
                        479,
                        160
                    ],
                    [
                        480,
                        162
                    ],
                    [
                        465,
                        162
                    ]
                ],
                "interior": []
            }
        },
        {
            "id": 750057187,
            "classId": 2957382,
            "description": "",
            "geometryType": "polygon",
            "labelerLogin": "Nishikant",
            "createdAt": "2021-06-16T11:21:38.134Z",
            "updatedAt": "2021-06-16T11:21:38.134Z",
            "tags": [
                {
                    "id": 122579515,
                    "tagId": 29184432,
                    "name": "Travel Lane Direction",
                    "value": "Left",
                    "labelerLogin": "Nishikant",
                    "createdAt": "2021-06-16T11:21:38.134Z",
                    "updatedAt": "2021-06-16T11:21:38.134Z"
                }
            ],
            "classTitle": "Travel Lane",
            "points": {
                "exterior": [
                    [
                        0,
                        352
                    ],
                    [
                        287,
                        229
                    ],
                    [
                        329,
                        211
                    ],
                    [
                        361,
                        197
                    ],
                    [
                        386,
                        182
                    ],
                    [
                        408,
                        169
                    ],
                    [
                        428,
                        168
                    ],
                    [
                        422,
                        179
                    ],
                    [
                        414,
                        190
                    ],
                    [
                        404,
                        203
                    ],
                    [
                        381,
                        228
                    ],
                    [
                        354,
                        258
                    ],
                    [
                        307,
                        308
                    ],
                    [
                        48,
                        589
                    ],
                    [
                        0,
                        579
                    ]
                ],
                "interior": []
            }
        },
        {
            "id": 750057186,
            "classId": 2957382,
            "description": "",
            "geometryType": "polygon",
            "labelerLogin": "Nishikant",
            "createdAt": "2021-06-16T11:21:38.134Z",
            "updatedAt": "2021-06-16T11:21:38.134Z",
            "tags": [
                {
                    "id": 122579514,
                    "tagId": 29184432,
                    "name": "Travel Lane Direction",
                    "value": "Left",
                    "labelerLogin": "Nishikant",
                    "createdAt": "2021-06-16T11:21:38.134Z",
                    "updatedAt": "2021-06-16T11:21:38.134Z"
                }
            ],
            "classTitle": "Travel Lane",
            "points": {
                "exterior": [
                    [
                        0,
                        284
                    ],
                    [
                        51,
                        268
                    ],
                    [
                        134,
                        245
                    ],
                    [
                        215,
                        224
                    ],
                    [
                        299,
                        198
                    ],
                    [
                        338,
                        186
                    ],
                    [
                        379,
                        173
                    ],
                    [
                        394,
                        167
                    ],
                    [
                        405,
                        168
                    ],
                    [
                        391,
                        176
                    ],
                    [
                        375,
                        185
                    ],
                    [
                        366,
                        190
                    ],
                    [
                        343,
                        200
                    ],
                    [
                        309,
                        214
                    ],
                    [
                        211,
                        255
                    ],
                    [
                        104,
                        299
                    ],
                    [
                        0,
                        342
                    ]
                ],
                "interior": []
            }
        },
        {
            "id": 750057185,
            "classId": 2957382,
            "description": "",
            "geometryType": "polygon",
            "labelerLogin": "Nishikant",
            "createdAt": "2021-06-16T11:21:38.134Z",
            "updatedAt": "2021-06-16T11:21:38.134Z",
            "tags": [
                {
                    "id": 122579513,
                    "tagId": 29184432,
                    "name": "Travel Lane Direction",
                    "value": "Through",
                    "labelerLogin": "Nishikant",
                    "createdAt": "2021-06-16T11:21:38.134Z",
                    "updatedAt": "2021-06-16T11:21:38.134Z"
                }
            ],
            "classTitle": "Travel Lane",
            "points": {
                "exterior": [
                    [
                        0,
                        236
                    ],
                    [
                        188,
                        203
                    ],
                    [
                        250,
                        190
                    ],
                    [
                        291,
                        181
                    ],
                    [
                        297,
                        178
                    ],
                    [
                        297,
                        182
                    ],
                    [
                        299,
                        187
                    ],
                    [
                        305,
                        188
                    ],
                    [
                        319,
                        187
                    ],
                    [
                        325,
                        186
                    ],
                    [
                        328,
                        185
                    ],
                    [
                        332,
                        184
                    ],
                    [
                        334,
                        181
                    ],
                    [
                        334,
                        178
                    ],
                    [
                        332,
                        172
                    ],
                    [
                        339,
                        169
                    ],
                    [
                        344,
                        169
                    ],
                    [
                        348,
                        167
                    ],
                    [
                        354,
                        167
                    ],
                    [
                        359,
                        168
                    ],
                    [
                        361,
                        170
                    ],
                    [
                        363,
                        172
                    ],
                    [
                        367,
                        172
                    ],
                    [
                        373,
                        171
                    ],
                    [
                        376,
                        171
                    ],
                    [
                        380,
                        170
                    ],
                    [
                        381,
                        171
                    ],
                    [
                        329,
                        187
                    ],
                    [
                        263,
                        207
                    ],
                    [
                        231,
                        216
                    ],
                    [
                        182,
                        229
                    ],
                    [
                        123,
                        245
                    ],
                    [
                        20,
                        273
                    ],
                    [
                        0,
                        279
                    ],
                    [
                        0,
                        242
                    ]
                ],
                "interior": []
            }
        },
        {
            "id": 750057184,
            "classId": 2957382,
            "description": "",
            "geometryType": "polygon",
            "labelerLogin": "Nishikant",
            "createdAt": "2021-06-16T11:21:38.134Z",
            "updatedAt": "2021-06-16T11:21:38.134Z",
            "tags": [
                {
                    "id": 122579512,
                    "tagId": 29184432,
                    "name": "Travel Lane Direction",
                    "value": "Through",
                    "labelerLogin": "Nishikant",
                    "createdAt": "2021-06-16T11:21:38.134Z",
                    "updatedAt": "2021-06-16T11:21:38.134Z"
                }
            ],
            "classTitle": "Travel Lane",
            "points": {
                "exterior": [
                    [
                        96,
                        587
                    ],
                    [
                        279,
                        361
                    ],
                    [
                        371,
                        249
                    ],
                    [
                        405,
                        205
                    ],
                    [
                        416,
                        192
                    ],
                    [
                        426,
                        175
                    ],
                    [
                        428,
                        172
                    ],
                    [
                        428,
                        177
                    ],
                    [
                        428,
                        183
                    ],
                    [
                        430,
                        184
                    ],
                    [
                        446,
                        183
                    ],
                    [
                        448,
                        183
                    ],
                    [
                        448,
                        176
                    ],
                    [
                        448,
                        170
                    ],
                    [
                        448,
                        167
                    ],
                    [
                        470,
                        167
                    ],
                    [
                        481,
                        177
                    ],
                    [
                        494,
                        188
                    ],
                    [
                        527,
                        208
                    ],
                    [
                        580,
                        237
                    ],
                    [
                        909,
                        429
                    ],
                    [
                        969,
                        461
                    ],
                    [
                        1041,
                        503
                    ],
                    [
                        1042,
                        590
                    ],
                    [
                        606,
                        589
                    ],
                    [
                        98,
                        589
                    ]
                ],
                "interior": []
            }
        },
        {
            "id": 750057183,
            "classId": 2957384,
            "description": "",
            "geometryType": "polygon",
            "labelerLogin": "Nishikant",
            "createdAt": "2021-06-16T11:21:38.134Z",
            "updatedAt": "2021-06-16T11:21:38.134Z",
            "tags": [
                {
                    "id": 122579511,
                    "tagId": 29184431,
                    "name": "White Lane Marking",
                    "value": "Hatched",
                    "labelerLogin": "Nishikant",
                    "createdAt": "2021-06-16T11:21:38.134Z",
                    "updatedAt": "2021-06-16T11:21:38.134Z"
                }
            ],
            "classTitle": "Lane Marking",
            "points": {
                "exterior": [
                    [
                        0,
                        284
                    ],
                    [
                        34,
                        273
                    ],
                    [
                        79,
                        260
                    ],
                    [
                        105,
                        253
                    ],
                    [
                        130,
                        246
                    ],
                    [
                        180,
                        233
                    ],
                    [
                        218,
                        223
                    ],
                    [
                        250,
                        213
                    ],
                    [
                        270,
                        207
                    ],
                    [
                        332,
                        188
                    ],
                    [
                        361,
                        179
                    ],
                    [
                        379,
                        173
                    ],
                    [
                        379,
                        173
                    ],
                    [
                        394,
                        167
                    ],
                    [
                        393,
                        167
                    ],
                    [
                        381,
                        171
                    ],
                    [
                        371,
                        174
                    ],
                    [
                        307,
                        194
                    ],
                    [
                        257,
                        209
                    ],
                    [
                        171,
                        232
                    ],
                    [
                        116,
                        247
                    ],
                    [
                        102,
                        251
                    ],
                    [
                        68,
                        260
                    ],
                    [
                        27,
                        271
                    ],
                    [
                        0,
                        279
                    ]
                ],
                "interior": []
            }
        },
        {
            "id": 750057182,
            "classId": 2957379,
            "description": "",
            "geometryType": "polygon",
            "labelerLogin": "Nishikant",
            "createdAt": "2021-06-16T11:21:38.134Z",
            "updatedAt": "2021-06-16T11:21:38.134Z",
            "tags": [
                {
                    "id": 122579510,
                    "tagId": 29184433,
                    "name": "Crosswalk",
                    "value": "White Hatched",
                    "labelerLogin": "Nishikant",
                    "createdAt": "2021-06-16T11:21:38.134Z",
                    "updatedAt": "2021-06-16T11:21:38.134Z"
                }
            ],
            "classTitle": "Crosswalk",
            "points": {
                "exterior": [
                    [
                        471,
                        167
                    ],
                    [
                        467,
                        164
                    ],
                    [
                        480,
                        164
                    ],
                    [
                        480,
                        167
                    ]
                ],
                "interior": []
            }
        },
        {
            "id": 750057181,
            "classId": 2957382,
            "description": "",
            "geometryType": "polygon",
            "labelerLogin": "Nishikant",
            "createdAt": "2021-06-16T11:21:38.134Z",
            "updatedAt": "2021-06-16T11:21:38.134Z",
            "tags": [
                {
                    "id": 122579509,
                    "tagId": 29184432,
                    "name": "Travel Lane Direction",
                    "value": "Through",
                    "labelerLogin": "Nishikant",
                    "createdAt": "2021-06-16T11:21:38.134Z",
                    "updatedAt": "2021-06-16T11:21:38.134Z"
                }
            ],
            "classTitle": "Travel Lane",
            "points": {
                "exterior": [
                    [
                        448,
                        167
                    ],
                    [
                        470,
                        167
                    ],
                    [
                        461,
                        160
                    ],
                    [
                        447,
                        160
                    ]
                ],
                "interior": []
            }
        },
        {
            "id": 750057180,
            "classId": 2957382,
            "description": "",
            "geometryType": "polygon",
            "labelerLogin": "Nishikant",
            "createdAt": "2021-06-16T11:21:38.134Z",
            "updatedAt": "2021-06-16T11:21:38.134Z",
            "tags": [
                {
                    "id": 122579508,
                    "tagId": 29184432,
                    "name": "Travel Lane Direction",
                    "value": "Through",
                    "labelerLogin": "Nishikant",
                    "createdAt": "2021-06-16T11:21:38.134Z",
                    "updatedAt": "2021-06-16T11:21:38.134Z"
                }
            ],
            "classTitle": "Travel Lane",
            "points": {
                "exterior": [
                    [
                        428,
                        166
                    ],
                    [
                        434,
                        159
                    ],
                    [
                        415,
                        159
                    ],
                    [
                        415,
                        162
                    ],
                    [
                        408,
                        167
                    ]
                ],
                "interior": []
            }
        },
        {
            "id": 750057179,
            "classId": 2957382,
            "description": "",
            "geometryType": "polygon",
            "labelerLogin": "Nishikant",
            "createdAt": "2021-06-16T11:21:38.134Z",
            "updatedAt": "2021-06-16T11:21:38.134Z",
            "tags": [
                {
                    "id": 122579507,
                    "tagId": 29184432,
                    "name": "Travel Lane Direction",
                    "value": "Through",
                    "labelerLogin": "Nishikant",
                    "createdAt": "2021-06-16T11:21:38.134Z",
                    "updatedAt": "2021-06-16T11:21:38.134Z"
                }
            ],
            "classTitle": "Travel Lane",
            "points": {
                "exterior": [
                    [
                        408,
                        167
                    ],
                    [
                        382,
                        166
                    ],
                    [
                        379,
                        166
                    ],
                    [
                        379,
                        164
                    ],
                    [
                        379,
                        161
                    ],
                    [
                        379,
                        160
                    ],
                    [
                        399,
                        160
                    ],
                    [
                        405,
                        160
                    ],
                    [
                        405,
                        162
                    ],
                    [
                        415,
                        162
                    ]
                ],
                "interior": []
            }
        },
        {
            "id": 750057178,
            "classId": 2957384,
            "description": "",
            "geometryType": "polygon",
            "labelerLogin": "Nishikant",
            "createdAt": "2021-06-16T11:21:38.134Z",
            "updatedAt": "2021-06-16T11:21:38.134Z",
            "tags": [
                {
                    "id": 122579506,
                    "tagId": 29184434,
                    "name": "Yellow Lane Marking",
                    "value": "Solid",
                    "labelerLogin": "Nishikant",
                    "createdAt": "2021-06-16T11:21:38.134Z",
                    "updatedAt": "2021-06-16T11:21:38.134Z"
                }
            ],
            "classTitle": "Lane Marking",
            "points": {
                "exterior": [
                    [
                        422,
                        157
                    ],
                    [
                        429,
                        143
                    ],
                    [
                        435,
                        130
                    ],
                    [
                        436,
                        130
                    ],
                    [
                        424,
                        157
                    ]
                ],
                "interior": []
            }
        },
        {
            "id": 750057177,
            "classId": 2957384,
            "description": "",
            "geometryType": "polygon",
            "labelerLogin": "Nishikant",
            "createdAt": "2021-06-16T11:21:38.134Z",
            "updatedAt": "2021-06-16T11:21:38.134Z",
            "tags": [
                {
                    "id": 122579505,
                    "tagId": 29184434,
                    "name": "Yellow Lane Marking",
                    "value": "Solid",
                    "labelerLogin": "Nishikant",
                    "createdAt": "2021-06-16T11:21:38.134Z",
                    "updatedAt": "2021-06-16T11:21:38.134Z"
                }
            ],
            "classTitle": "Lane Marking",
            "points": {
                "exterior": [
                    [
                        0,
                        354
                    ],
                    [
                        133,
                        296
                    ],
                    [
                        231,
                        254
                    ],
                    [
                        317,
                        215
                    ],
                    [
                        338,
                        206
                    ],
                    [
                        360,
                        196
                    ],
                    [
                        362,
                        195
                    ],
                    [
                        367,
                        193
                    ],
                    [
                        382,
                        184
                    ],
                    [
                        394,
                        177
                    ],
                    [
                        408,
                        168
                    ],
                    [
                        406,
                        168
                    ],
                    [
                        392,
                        177
                    ],
                    [
                        380,
                        184
                    ],
                    [
                        366,
                        192
                    ],
                    [
                        362,
                        194
                    ],
                    [
                        354,
                        197
                    ],
                    [
                        337,
                        205
                    ],
                    [
                        316,
                        214
                    ],
                    [
                        230,
                        251
                    ],
                    [
                        129,
                        294
                    ],
                    [
                        0,
                        349
                    ]
                ],
                "interior": []
            }
        },
        {
            "id": 750057176,
            "classId": 2957383,
            "description": "",
            "geometryType": "polygon",
            "labelerLogin": "Nishikant",
            "createdAt": "2021-06-16T11:21:38.134Z",
            "updatedAt": "2021-06-16T11:21:38.134Z",
            "tags": [
                {
                    "id": 122579504,
                    "tagId": 29184440,
                    "name": "ONLY",
                    "value": null,
                    "labelerLogin": "Nishikant",
                    "createdAt": "2021-06-16T11:21:38.134Z",
                    "updatedAt": "2021-06-16T11:21:38.134Z"
                }
            ],
            "classTitle": "Movement Marking",
            "points": {
                "exterior": [
                    [
                        277,
                        237
                    ],
                    [
                        326,
                        238
                    ],
                    [
                        364,
                        238
                    ],
                    [
                        381,
                        224
                    ],
                    [
                        324,
                        222
                    ],
                    [
                        303,
                        223
                    ]
                ],
                "interior": []
            }
        },
        {
            "id": 750057175,
            "classId": 2957383,
            "description": "",
            "geometryType": "polygon",
            "labelerLogin": "Nishikant",
            "createdAt": "2021-06-16T11:21:38.134Z",
            "updatedAt": "2021-06-16T11:21:38.134Z",
            "tags": [
                {
                    "id": 122579503,
                    "tagId": 29184437,
                    "name": "Left Arrow",
                    "value": null,
                    "labelerLogin": "Nishikant",
                    "createdAt": "2021-06-16T11:21:38.134Z",
                    "updatedAt": "2021-06-16T11:21:38.134Z"
                }
            ],
            "classTitle": "Movement Marking",
            "points": {
                "exterior": [
                    [
                        365,
                        217
                    ],
                    [
                        371,
                        213
                    ],
                    [
                        369,
                        213
                    ],
                    [
                        360,
                        212
                    ],
                    [
                        349,
                        212
                    ],
                    [
                        346,
                        215
                    ],
                    [
                        334,
                        211
                    ],
                    [
                        334,
                        210
                    ],
                    [
                        358,
                        207
                    ],
                    [
                        354,
                        210
                    ],
                    [
                        358,
                        210
                    ],
                    [
                        369,
                        210
                    ],
                    [
                        376,
                        211
                    ],
                    [
                        378,
                        212
                    ],
                    [
                        378,
                        214
                    ],
                    [
                        374,
                        217
                    ],
                    [
                        371,
                        217
                    ]
                ],
                "interior": []
            }
        },
        {
            "id": 750057174,
            "classId": 2957382,
            "description": "",
            "geometryType": "polygon",
            "labelerLogin": "Nishikant",
            "createdAt": "2021-06-16T11:21:38.134Z",
            "updatedAt": "2021-06-16T11:21:38.134Z",
            "tags": [
                {
                    "id": 122579502,
                    "tagId": 29184432,
                    "name": "Travel Lane Direction",
                    "value": "Left",
                    "labelerLogin": "Nishikant",
                    "createdAt": "2021-06-16T11:21:38.134Z",
                    "updatedAt": "2021-06-16T11:21:38.134Z"
                }
            ],
            "classTitle": "Travel Lane",
            "points": {
                "exterior": [
                    [
                        0,
                        354
                    ],
                    [
                        174,
                        278
                    ],
                    [
                        258,
                        242
                    ],
                    [
                        345,
                        203
                    ],
                    [
                        365,
                        194
                    ],
                    [
                        384,
                        183
                    ],
                    [
                        408,
                        168
                    ],
                    [
                        429,
                        168
                    ],
                    [
                        421,
                        180
                    ],
                    [
                        402,
                        205
                    ],
                    [
                        381,
                        228
                    ],
                    [
                        246,
                        374
                    ],
                    [
                        47,
                        589
                    ],
                    [
                        0,
                        589
                    ]
                ],
                "interior": []
            }
        },
        {
            "id": 750057173,
            "classId": 2957383,
            "description": "",
            "geometryType": "polygon",
            "labelerLogin": "Nishikant",
            "createdAt": "2021-06-16T11:21:38.134Z",
            "updatedAt": "2021-06-16T11:21:38.134Z",
            "tags": [
                {
                    "id": 122579501,
                    "tagId": 29184437,
                    "name": "Left Arrow",
                    "value": null,
                    "labelerLogin": "Nishikant",
                    "createdAt": "2021-06-16T11:21:38.134Z",
                    "updatedAt": "2021-06-16T11:21:38.134Z"
                }
            ],
            "classTitle": "Movement Marking",
            "points": {
                "exterior": [
                    [
                        298,
                        206
                    ],
                    [
                        294,
                        207
                    ],
                    [
                        294,
                        208
                    ],
                    [
                        298,
                        208
                    ],
                    [
                        301,
                        208
                    ],
                    [
                        305,
                        208
                    ],
                    [
                        310,
                        205
                    ],
                    [
                        317,
                        210
                    ],
                    [
                        306,
                        211
                    ],
                    [
                        290,
                        213
                    ],
                    [
                        297,
                        210
                    ],
                    [
                        288,
                        210
                    ],
                    [
                        284,
                        210
                    ],
                    [
                        283,
                        208
                    ],
                    [
                        286,
                        207
                    ],
                    [
                        295,
                        204
                    ]
                ],
                "interior": []
            }
        },
        {
            "id": 750057172,
            "classId": 2957383,
            "description": "",
            "geometryType": "polygon",
            "labelerLogin": "Nishikant",
            "createdAt": "2021-06-16T11:21:38.134Z",
            "updatedAt": "2021-06-16T11:21:38.134Z",
            "tags": [
                {
                    "id": 122579500,
                    "tagId": 29184440,
                    "name": "ONLY",
                    "value": null,
                    "labelerLogin": "Nishikant",
                    "createdAt": "2021-06-16T11:21:38.134Z",
                    "updatedAt": "2021-06-16T11:21:38.134Z"
                }
            ],
            "classTitle": "Movement Marking",
            "points": {
                "exterior": [
                    [
                        292,
                        203
                    ],
                    [
                        318,
                        202
                    ],
                    [
                        336,
                        202
                    ],
                    [
                        346,
                        197
                    ],
                    [
                        316,
                        197
                    ],
                    [
                        306,
                        197
                    ],
                    [
                        292,
                        202
                    ]
                ],
                "interior": []
            }
        }
    ]
}