{
    "description": "",
    "tags": [
        {
            "id": 107912792,
            "tagId": 29184443,
            "name": "train",
            "value": null,
            "labelerLogin": "Nishikant",
            "createdAt": "2021-06-16T11:21:38.134Z",
            "updatedAt": "2021-06-16T11:21:38.134Z"
        }
    ],
    "size": {
        "height": 590,
        "width": 1042
    },
    "objects": [
        {
            "id": 750052313,
            "classId": 2957379,
            "description": "",
            "geometryType": "polygon",
            "labelerLogin": "Nishikant",
            "createdAt": "2021-06-16T11:21:38.134Z",
            "updatedAt": "2021-06-16T11:21:38.134Z",
            "tags": [
                {
                    "id": 122574730,
                    "tagId": 29184433,
                    "name": "Crosswalk",
                    "value": "White Hatched",
                    "labelerLogin": "Nishikant",
                    "createdAt": "2021-06-16T11:21:38.134Z",
                    "updatedAt": "2021-06-16T11:21:38.134Z"
                }
            ],
            "classTitle": "Crosswalk",
            "points": {
                "exterior": [
                    [
                        990,
                        387
                    ],
                    [
                        634,
                        225
                    ],
                    [
                        753,
                        222
                    ],
                    [
                        1022,
                        282
                    ],
                    [
                        1041,
                        297
                    ],
                    [
                        1041,
                        361
                    ]
                ],
                "interior": []
            }
        },
        {
            "id": 750052312,
            "classId": 2957379,
            "description": "",
            "geometryType": "polygon",
            "labelerLogin": "Nishikant",
            "createdAt": "2021-06-16T11:21:38.134Z",
            "updatedAt": "2021-06-16T11:21:38.134Z",
            "tags": [
                {
                    "id": 122574729,
                    "tagId": 29184433,
                    "name": "Crosswalk",
                    "value": "White Hatched",
                    "labelerLogin": "Nishikant",
                    "createdAt": "2021-06-16T11:21:38.134Z",
                    "updatedAt": "2021-06-16T11:21:38.134Z"
                }
            ],
            "classTitle": "Crosswalk",
            "points": {
                "exterior": [
                    [
                        91,
                        231
                    ],
                    [
                        203,
                        223
                    ],
                    [
                        257,
                        220
                    ],
                    [
                        319,
                        217
                    ],
                    [
                        363,
                        215
                    ],
                    [
                        406,
                        214
                    ],
                    [
                        468,
                        211
                    ],
                    [
                        542,
                        211
                    ],
                    [
                        588,
                        210
                    ],
                    [
                        612,
                        221
                    ],
                    [
                        487,
                        225
                    ],
                    [
                        393,
                        229
                    ],
                    [
                        338,
                        231
                    ],
                    [
                        249,
                        236
                    ],
                    [
                        160,
                        243
                    ],
                    [
                        91,
                        247
                    ],
                    [
                        17,
                        254
                    ],
                    [
                        1,
                        252
                    ]
                ],
                "interior": []
            }
        },
        {
            "id": 750052311,
            "classId": 2957384,
            "description": "",
            "geometryType": "polygon",
            "labelerLogin": "Nishikant",
            "createdAt": "2021-06-16T11:21:38.134Z",
            "updatedAt": "2021-06-16T11:21:38.134Z",
            "tags": [
                {
                    "id": 122574728,
                    "tagId": 29184434,
                    "name": "Yellow Lane Marking",
                    "value": "Hatched",
                    "labelerLogin": "Nishikant",
                    "createdAt": "2021-06-16T11:21:38.134Z",
                    "updatedAt": "2021-06-16T11:21:38.134Z"
                }
            ],
            "classTitle": "Lane Marking",
            "points": {
                "exterior": [
                    [
                        0,
                        385
                    ],
                    [
                        129,
                        326
                    ],
                    [
                        334,
                        231
                    ],
                    [
                        340,
                        231
                    ],
                    [
                        157,
                        320
                    ],
                    [
                        0,
                        393
                    ]
                ],
                "interior": []
            }
        },
        {
            "id": 750052310,
            "classId": 2957384,
            "description": "",
            "geometryType": "polygon",
            "labelerLogin": "Nishikant",
            "createdAt": "2021-06-16T11:21:38.134Z",
            "updatedAt": "2021-06-16T11:21:38.134Z",
            "tags": [
                {
                    "id": 122574727,
                    "tagId": 29184434,
                    "name": "Yellow Lane Marking",
                    "value": "Hatched",
                    "labelerLogin": "Nishikant",
                    "createdAt": "2021-06-16T11:21:38.134Z",
                    "updatedAt": "2021-06-16T11:21:38.134Z"
                }
            ],
            "classTitle": "Lane Marking",
            "points": {
                "exterior": [
                    [
                        0,
                        305
                    ],
                    [
                        222,
                        238
                    ],
                    [
                        234,
                        238
                    ],
                    [
                        0,
                        313
                    ]
                ],
                "interior": []
            }
        },
        {
            "id": 750052309,
            "classId": 2957384,
            "description": "",
            "geometryType": "polygon",
            "labelerLogin": "Nishikant",
            "createdAt": "2021-06-16T11:21:38.134Z",
            "updatedAt": "2021-06-16T11:21:38.134Z",
            "tags": [
                {
                    "id": 122574726,
                    "tagId": 29184434,
                    "name": "Yellow Lane Marking",
                    "value": "Solid",
                    "labelerLogin": "Nishikant",
                    "createdAt": "2021-06-16T11:21:38.134Z",
                    "updatedAt": "2021-06-16T11:21:38.134Z"
                }
            ],
            "classTitle": "Lane Marking",
            "points": {
                "exterior": [
                    [
                        926,
                        260
                    ],
                    [
                        1041,
                        240
                    ],
                    [
                        1042,
                        243
                    ],
                    [
                        932,
                        262
                    ]
                ],
                "interior": []
            }
        },
        {
            "id": 750052308,
            "classId": 2957384,
            "description": "",
            "geometryType": "polygon",
            "labelerLogin": "Nishikant",
            "createdAt": "2021-06-16T11:21:38.134Z",
            "updatedAt": "2021-06-16T11:21:38.134Z",
            "tags": [
                {
                    "id": 122574725,
                    "tagId": 29184434,
                    "name": "Yellow Lane Marking",
                    "value": "Solid",
                    "labelerLogin": "Nishikant",
                    "createdAt": "2021-06-16T11:21:38.134Z",
                    "updatedAt": "2021-06-16T11:21:38.134Z"
                }
            ],
            "classTitle": "Lane Marking",
            "points": {
                "exterior": [
                    [
                        361,
                        215
                    ],
                    [
                        432,
                        175
                    ],
                    [
                        453,
                        164
                    ],
                    [
                        454,
                        164
                    ],
                    [
                        432,
                        176
                    ],
                    [
                        365,
                        215
                    ]
                ],
                "interior": []
            }
        },
        {
            "id": 750052307,
            "classId": 2957382,
            "description": "",
            "geometryType": "polygon",
            "labelerLogin": "Nishikant",
            "createdAt": "2021-06-16T11:21:38.134Z",
            "updatedAt": "2021-06-16T11:21:38.134Z",
            "tags": [
                {
                    "id": 122574724,
                    "tagId": 29184432,
                    "name": "Travel Lane Direction",
                    "value": "Through",
                    "labelerLogin": "Nishikant",
                    "createdAt": "2021-06-16T11:21:38.134Z",
                    "updatedAt": "2021-06-16T11:21:38.134Z"
                }
            ],
            "classTitle": "Travel Lane",
            "points": {
                "exterior": [
                    [
                        0,
                        254
                    ],
                    [
                        0,
                        305
                    ],
                    [
                        26,
                        297
                    ],
                    [
                        218,
                        239
                    ]
                ],
                "interior": []
            }
        },
        {
            "id": 750052306,
            "classId": 2957382,
            "description": "",
            "geometryType": "polygon",
            "labelerLogin": "Nishikant",
            "createdAt": "2021-06-16T11:21:38.134Z",
            "updatedAt": "2021-06-16T11:21:38.134Z",
            "tags": [
                {
                    "id": 122574723,
                    "tagId": 29184432,
                    "name": "Travel Lane Direction",
                    "value": "Through",
                    "labelerLogin": "Nishikant",
                    "createdAt": "2021-06-16T11:21:38.134Z",
                    "updatedAt": "2021-06-16T11:21:38.134Z"
                }
            ],
            "classTitle": "Travel Lane",
            "points": {
                "exterior": [
                    [
                        0,
                        313
                    ],
                    [
                        236,
                        237
                    ],
                    [
                        283,
                        235
                    ],
                    [
                        332,
                        232
                    ],
                    [
                        241,
                        274
                    ],
                    [
                        0,
                        385
                    ]
                ],
                "interior": []
            }
        },
        {
            "id": 750052305,
            "classId": 2957382,
            "description": "",
            "geometryType": "polygon",
            "labelerLogin": "Nishikant",
            "createdAt": "2021-06-16T11:21:38.134Z",
            "updatedAt": "2021-06-16T11:21:38.134Z",
            "tags": [
                {
                    "id": 122574722,
                    "tagId": 29184432,
                    "name": "Travel Lane Direction",
                    "value": "Through",
                    "labelerLogin": "Nishikant",
                    "createdAt": "2021-06-16T11:21:38.134Z",
                    "updatedAt": "2021-06-16T11:21:38.134Z"
                }
            ],
            "classTitle": "Travel Lane",
            "points": {
                "exterior": [
                    [
                        0,
                        402
                    ],
                    [
                        268,
                        271
                    ],
                    [
                        346,
                        232
                    ],
                    [
                        627,
                        220
                    ],
                    [
                        644,
                        229
                    ],
                    [
                        733,
                        270
                    ],
                    [
                        935,
                        363
                    ],
                    [
                        989,
                        388
                    ],
                    [
                        1041,
                        416
                    ],
                    [
                        1041,
                        589
                    ],
                    [
                        584,
                        589
                    ],
                    [
                        0,
                        590
                    ]
                ],
                "interior": []
            }
        },
        {
            "id": 750052304,
            "classId": 2957382,
            "description": "",
            "geometryType": "polygon",
            "labelerLogin": "Nishikant",
            "createdAt": "2021-06-16T11:21:38.134Z",
            "updatedAt": "2021-06-16T11:21:38.134Z",
            "tags": [
                {
                    "id": 122574721,
                    "tagId": 29184432,
                    "name": "Travel Lane Direction",
                    "value": "Through",
                    "labelerLogin": "Nishikant",
                    "createdAt": "2021-06-16T11:21:38.134Z",
                    "updatedAt": "2021-06-16T11:21:38.134Z"
                }
            ],
            "classTitle": "Travel Lane",
            "points": {
                "exterior": [
                    [
                        933,
                        262
                    ],
                    [
                        1042,
                        243
                    ],
                    [
                        1041,
                        297
                    ],
                    [
                        1022,
                        282
                    ]
                ],
                "interior": []
            }
        },
        {
            "id": 750052303,
            "classId": 2957382,
            "description": "",
            "geometryType": "polygon",
            "labelerLogin": "Nishikant",
            "createdAt": "2021-06-16T11:21:38.134Z",
            "updatedAt": "2021-06-16T11:21:38.134Z",
            "tags": [
                {
                    "id": 122574720,
                    "tagId": 29184432,
                    "name": "Travel Lane Direction",
                    "value": "Through",
                    "labelerLogin": "Nishikant",
                    "createdAt": "2021-06-16T11:21:38.134Z",
                    "updatedAt": "2021-06-16T11:21:38.134Z"
                }
            ],
            "classTitle": "Travel Lane",
            "points": {
                "exterior": [
                    [
                        916,
                        258
                    ],
                    [
                        1041,
                        237
                    ],
                    [
                        1042,
                        199
                    ],
                    [
                        984,
                        201
                    ],
                    [
                        986,
                        206
                    ],
                    [
                        986,
                        216
                    ],
                    [
                        982,
                        225
                    ],
                    [
                        978,
                        228
                    ],
                    [
                        974,
                        237
                    ],
                    [
                        967,
                        239
                    ],
                    [
                        954,
                        233
                    ],
                    [
                        934,
                        238
                    ],
                    [
                        930,
                        243
                    ],
                    [
                        923,
                        242
                    ],
                    [
                        872,
                        236
                    ],
                    [
                        858,
                        237
                    ],
                    [
                        855,
                        232
                    ],
                    [
                        854,
                        223
                    ],
                    [
                        861,
                        210
                    ],
                    [
                        848,
                        209
                    ],
                    [
                        843,
                        216
                    ],
                    [
                        832,
                        217
                    ],
                    [
                        831,
                        213
                    ],
                    [
                        813,
                        214
                    ],
                    [
                        810,
                        218
                    ],
                    [
                        806,
                        221
                    ],
                    [
                        776,
                        220
                    ],
                    [
                        773,
                        220
                    ],
                    [
                        765,
                        221
                    ],
                    [
                        758,
                        222
                    ]
                ],
                "interior": []
            }
        },
        {
            "id": 750052302,
            "classId": 2957382,
            "description": "",
            "geometryType": "polygon",
            "labelerLogin": "Nishikant",
            "createdAt": "2021-06-16T11:21:38.134Z",
            "updatedAt": "2021-06-16T11:21:38.134Z",
            "tags": [
                {
                    "id": 122574719,
                    "tagId": 29184432,
                    "name": "Travel Lane Direction",
                    "value": "Through",
                    "labelerLogin": "Nishikant",
                    "createdAt": "2021-06-16T11:21:38.134Z",
                    "updatedAt": "2021-06-16T11:21:38.134Z"
                }
            ],
            "classTitle": "Travel Lane",
            "points": {
                "exterior": [
                    [
                        371,
                        214
                    ],
                    [
                        456,
                        164
                    ],
                    [
                        475,
                        164
                    ],
                    [
                        476,
                        168
                    ],
                    [
                        475,
                        172
                    ],
                    [
                        475,
                        176
                    ],
                    [
                        475,
                        181
                    ],
                    [
                        477,
                        183
                    ],
                    [
                        498,
                        183
                    ],
                    [
                        499,
                        175
                    ],
                    [
                        497,
                        166
                    ],
                    [
                        502,
                        167
                    ],
                    [
                        503,
                        164
                    ],
                    [
                        514,
                        163
                    ],
                    [
                        520,
                        166
                    ],
                    [
                        529,
                        171
                    ],
                    [
                        547,
                        181
                    ],
                    [
                        557,
                        189
                    ],
                    [
                        565,
                        195
                    ],
                    [
                        577,
                        204
                    ],
                    [
                        587,
                        210
                    ],
                    [
                        542,
                        211
                    ],
                    [
                        504,
                        211
                    ],
                    [
                        483,
                        211
                    ],
                    [
                        428,
                        213
                    ],
                    [
                        405,
                        214
                    ],
                    [
                        370,
                        215
                    ]
                ],
                "interior": []
            }
        },
        {
            "id": 750052301,
            "classId": 2957382,
            "description": "",
            "geometryType": "polygon",
            "labelerLogin": "Nishikant",
            "createdAt": "2021-06-16T11:21:38.134Z",
            "updatedAt": "2021-06-16T11:21:38.134Z",
            "tags": [
                {
                    "id": 122574718,
                    "tagId": 29184432,
                    "name": "Travel Lane Direction",
                    "value": "Left",
                    "labelerLogin": "Nishikant",
                    "createdAt": "2021-06-16T11:21:38.134Z",
                    "updatedAt": "2021-06-16T11:21:38.134Z"
                }
            ],
            "classTitle": "Travel Lane",
            "points": {
                "exterior": [
                    [
                        330,
                        205
                    ],
                    [
                        405,
                        175
                    ],
                    [
                        419,
                        170
                    ],
                    [
                        436,
                        164
                    ],
                    [
                        453,
                        164
                    ],
                    [
                        449,
                        166
                    ],
                    [
                        428,
                        177
                    ],
                    [
                        379,
                        205
                    ],
                    [
                        326,
                        207
                    ]
                ],
                "interior": []
            }
        },
        {
            "id": 750052300,
            "classId": 2957382,
            "description": "",
            "geometryType": "polygon",
            "labelerLogin": "Nishikant",
            "createdAt": "2021-06-16T11:21:38.134Z",
            "updatedAt": "2021-06-16T11:21:38.134Z",
            "tags": [
                {
                    "id": 122574717,
                    "tagId": 29184432,
                    "name": "Travel Lane Direction",
                    "value": "Through",
                    "labelerLogin": "Nishikant",
                    "createdAt": "2021-06-16T11:21:38.134Z",
                    "updatedAt": "2021-06-16T11:21:38.134Z"
                }
            ],
            "classTitle": "Travel Lane",
            "points": {
                "exterior": [
                    [
                        294,
                        185
                    ],
                    [
                        367,
                        169
                    ],
                    [
                        369,
                        175
                    ],
                    [
                        389,
                        177
                    ],
                    [
                        395,
                        175
                    ],
                    [
                        395,
                        167
                    ],
                    [
                        405,
                        165
                    ],
                    [
                        413,
                        164
                    ],
                    [
                        429,
                        164
                    ],
                    [
                        434,
                        164
                    ],
                    [
                        400,
                        175
                    ],
                    [
                        374,
                        185
                    ],
                    [
                        325,
                        204
                    ],
                    [
                        318,
                        207
                    ],
                    [
                        297,
                        208
                    ],
                    [
                        296,
                        208
                    ],
                    [
                        298,
                        203
                    ],
                    [
                        298,
                        198
                    ],
                    [
                        299,
                        193
                    ],
                    [
                        297,
                        190
                    ],
                    [
                        294,
                        187
                    ],
                    [
                        292,
                        186
                    ]
                ],
                "interior": []
            }
        },
        {
            "id": 750052299,
            "classId": 2957384,
            "description": "",
            "geometryType": "polygon",
            "labelerLogin": "Nishikant",
            "createdAt": "2021-06-16T11:21:38.134Z",
            "updatedAt": "2021-06-16T11:21:38.134Z",
            "tags": [
                {
                    "id": 122574716,
                    "tagId": 29184434,
                    "name": "Yellow Lane Marking",
                    "value": "Hatched",
                    "labelerLogin": "Nishikant",
                    "createdAt": "2021-06-16T11:21:38.134Z",
                    "updatedAt": "2021-06-16T11:21:38.134Z"
                }
            ],
            "classTitle": "Lane Marking",
            "points": {
                "exterior": [
                    [
                        0,
                        396
                    ],
                    [
                        112,
                        342
                    ],
                    [
                        152,
                        323
                    ],
                    [
                        292,
                        256
                    ],
                    [
                        342,
                        231
                    ],
                    [
                        347,
                        231
                    ],
                    [
                        294,
                        258
                    ],
                    [
                        155,
                        326
                    ],
                    [
                        115,
                        345
                    ],
                    [
                        0,
                        402
                    ]
                ],
                "interior": []
            }
        },
        {
            "id": 750052298,
            "classId": 2957384,
            "description": "",
            "geometryType": "polygon",
            "labelerLogin": "Nishikant",
            "createdAt": "2021-06-16T11:21:38.134Z",
            "updatedAt": "2021-06-16T11:21:38.134Z",
            "tags": [
                {
                    "id": 122574715,
                    "tagId": 29184434,
                    "name": "Yellow Lane Marking",
                    "value": "Solid",
                    "labelerLogin": "Nishikant",
                    "createdAt": "2021-06-16T11:21:38.134Z",
                    "updatedAt": "2021-06-16T11:21:38.134Z"
                }
            ],
            "classTitle": "Lane Marking",
            "points": {
                "exterior": [
                    [
                        366,
                        215
                    ],
                    [
                        395,
                        198
                    ],
                    [
                        417,
                        185
                    ],
                    [
                        433,
                        176
                    ],
                    [
                        444,
                        170
                    ],
                    [
                        455,
                        164
                    ],
                    [
                        456,
                        164
                    ],
                    [
                        445,
                        170
                    ],
                    [
                        435,
                        176
                    ],
                    [
                        418,
                        186
                    ],
                    [
                        395,
                        200
                    ],
                    [
                        369,
                        215
                    ]
                ],
                "interior": []
            }
        },
        {
            "id": 750052297,
            "classId": 2957383,
            "description": "",
            "geometryType": "polygon",
            "labelerLogin": "Nishikant",
            "createdAt": "2021-06-16T11:21:38.134Z",
            "updatedAt": "2021-06-16T11:21:38.134Z",
            "tags": [
                {
                    "id": 122574714,
                    "tagId": 29184437,
                    "name": "Left Arrow",
                    "value": null,
                    "labelerLogin": "Nishikant",
                    "createdAt": "2021-06-16T11:21:38.134Z",
                    "updatedAt": "2021-06-16T11:21:38.134Z"
                }
            ],
            "classTitle": "Movement Marking",
            "points": {
                "exterior": [
                    [
                        379,
                        189
                    ],
                    [
                        377,
                        190
                    ],
                    [
                        377,
                        191
                    ],
                    [
                        380,
                        191
                    ],
                    [
                        385,
                        191
                    ],
                    [
                        387,
                        188
                    ],
                    [
                        397,
                        192
                    ],
                    [
                        396,
                        193
                    ],
                    [
                        383,
                        198
                    ],
                    [
                        384,
                        194
                    ],
                    [
                        376,
                        194
                    ],
                    [
                        372,
                        193
                    ],
                    [
                        370,
                        192
                    ],
                    [
                        370,
                        190
                    ],
                    [
                        372,
                        189
                    ]
                ],
                "interior": []
            }
        },
        {
            "id": 750052296,
            "classId": 2957384,
            "description": "",
            "geometryType": "polygon",
            "labelerLogin": "Nishikant",
            "createdAt": "2021-06-16T11:21:38.134Z",
            "updatedAt": "2021-06-16T11:21:38.134Z",
            "tags": [
                {
                    "id": 122574713,
                    "tagId": 29184431,
                    "name": "White Lane Marking",
                    "value": "Solid",
                    "labelerLogin": "Nishikant",
                    "createdAt": "2021-06-16T11:21:38.134Z",
                    "updatedAt": "2021-06-16T11:21:38.134Z"
                }
            ],
            "classTitle": "Lane Marking",
            "points": {
                "exterior": [
                    [
                        325,
                        207
                    ],
                    [
                        340,
                        201
                    ],
                    [
                        377,
                        186
                    ],
                    [
                        402,
                        176
                    ],
                    [
                        411,
                        173
                    ],
                    [
                        422,
                        169
                    ],
                    [
                        433,
                        165
                    ],
                    [
                        436,
                        164
                    ],
                    [
                        435,
                        164
                    ],
                    [
                        434,
                        164
                    ],
                    [
                        422,
                        168
                    ],
                    [
                        410,
                        172
                    ],
                    [
                        403,
                        174
                    ],
                    [
                        361,
                        190
                    ],
                    [
                        323,
                        205
                    ],
                    [
                        319,
                        207
                    ]
                ],
                "interior": []
            }
        },
        {
            "id": 750052295,
            "classId": 2957384,
            "description": "",
            "geometryType": "polygon",
            "labelerLogin": "Nishikant",
            "createdAt": "2021-06-16T11:21:38.134Z",
            "updatedAt": "2021-06-16T11:21:38.134Z",
            "tags": [
                {
                    "id": 122574712,
                    "tagId": 29184434,
                    "name": "Yellow Lane Marking",
                    "value": "Solid",
                    "labelerLogin": "Nishikant",
                    "createdAt": "2021-06-16T11:21:38.134Z",
                    "updatedAt": "2021-06-16T11:21:38.134Z"
                }
            ],
            "classTitle": "Lane Marking",
            "points": {
                "exterior": [
                    [
                        921,
                        259
                    ],
                    [
                        946,
                        255
                    ],
                    [
                        986,
                        249
                    ],
                    [
                        1027,
                        242
                    ],
                    [
                        1042,
                        240
                    ],
                    [
                        1042,
                        237
                    ],
                    [
                        985,
                        247
                    ],
                    [
                        956,
                        252
                    ],
                    [
                        917,
                        258
                    ]
                ],
                "interior": []
            }
        },
        {
            "id": 750052294,
            "classId": 2957380,
            "description": "",
            "geometryType": "polygon",
            "labelerLogin": "Nishikant",
            "createdAt": "2021-06-16T11:21:38.134Z",
            "updatedAt": "2021-06-16T11:21:38.134Z",
            "tags": [
                {
                    "id": 122574711,
                    "tagId": 29184441,
                    "name": "Stop Bar",
                    "value": null,
                    "labelerLogin": "Nishikant",
                    "createdAt": "2021-06-16T11:21:38.134Z",
                    "updatedAt": "2021-06-16T11:21:38.134Z"
                }
            ],
            "classTitle": "Stop Bar",
            "points": {
                "exterior": [
                    [
                        152,
                        219
                    ],
                    [
                        169,
                        218
                    ],
                    [
                        190,
                        217
                    ],
                    [
                        220,
                        216
                    ],
                    [
                        219,
                        212
                    ],
                    [
                        156,
                        216
                    ]
                ],
                "interior": []
            }
        },
        {
            "id": 750052293,
            "classId": 2957380,
            "description": "",
            "geometryType": "polygon",
            "labelerLogin": "Nishikant",
            "createdAt": "2021-06-16T11:21:38.134Z",
            "updatedAt": "2021-06-16T11:21:38.134Z",
            "tags": [
                {
                    "id": 122574710,
                    "tagId": 29184441,
                    "name": "Stop Bar",
                    "value": null,
                    "labelerLogin": "Nishikant",
                    "createdAt": "2021-06-16T11:21:38.134Z",
                    "updatedAt": "2021-06-16T11:21:38.134Z"
                }
            ],
            "classTitle": "Stop Bar",
            "points": {
                "exterior": [
                    [
                        285,
                        211
                    ],
                    [
                        307,
                        211
                    ],
                    [
                        340,
                        209
                    ],
                    [
                        375,
                        207
                    ],
                    [
                        379,
                        205
                    ],
                    [
                        359,
                        205
                    ],
                    [
                        337,
                        206
                    ],
                    [
                        318,
                        207
                    ],
                    [
                        299,
                        208
                    ],
                    [
                        288,
                        208
                    ],
                    [
                        284,
                        209
                    ]
                ],
                "interior": []
            }
        }
    ]
}