{
    "description": "",
    "tags": [
        {
            "id": 107913185,
            "tagId": 29184443,
            "name": "train",
            "value": null,
            "labelerLogin": "Nishikant",
            "createdAt": "2021-06-16T11:21:38.134Z",
            "updatedAt": "2021-06-16T11:21:38.134Z"
        }
    ],
    "size": {
        "height": 590,
        "width": 1042
    },
    "objects": [
        {
            "id": 750056218,
            "classId": 2957384,
            "description": "",
            "geometryType": "polygon",
            "labelerLogin": "Nishikant",
            "createdAt": "2021-06-16T11:21:38.134Z",
            "updatedAt": "2021-06-16T11:21:38.134Z",
            "tags": [
                {
                    "id": 122578550,
                    "tagId": 29184434,
                    "name": "Yellow Lane Marking",
                    "value": "Hatched",
                    "labelerLogin": "Nishikant",
                    "createdAt": "2021-06-16T11:21:38.134Z",
                    "updatedAt": "2021-06-16T11:21:38.134Z"
                }
            ],
            "classTitle": "Lane Marking",
            "points": {
                "exterior": [
                    [
                        0,
                        325
                    ],
                    [
                        88,
                        286
                    ],
                    [
                        173,
                        252
                    ],
                    [
                        282,
                        207
                    ],
                    [
                        348,
                        185
                    ],
                    [
                        382,
                        177
                    ],
                    [
                        408,
                        170
                    ],
                    [
                        417,
                        163
                    ],
                    [
                        420,
                        160
                    ],
                    [
                        421,
                        161
                    ],
                    [
                        417,
                        164
                    ],
                    [
                        409,
                        170
                    ],
                    [
                        382,
                        178
                    ],
                    [
                        349,
                        186
                    ],
                    [
                        283,
                        208
                    ],
                    [
                        179,
                        253
                    ],
                    [
                        89,
                        290
                    ],
                    [
                        0,
                        330
                    ]
                ],
                "interior": []
            }
        },
        {
            "id": 750056217,
            "classId": 2957379,
            "description": "",
            "geometryType": "polygon",
            "labelerLogin": "Nishikant",
            "createdAt": "2021-06-16T11:21:38.134Z",
            "updatedAt": "2021-06-16T11:21:38.134Z",
            "tags": [
                {
                    "id": 122578549,
                    "tagId": 29184433,
                    "name": "Crosswalk",
                    "value": "White Hatched",
                    "labelerLogin": "Nishikant",
                    "createdAt": "2021-06-16T11:21:38.134Z",
                    "updatedAt": "2021-06-16T11:21:38.134Z"
                }
            ],
            "classTitle": "Crosswalk",
            "points": {
                "exterior": [
                    [
                        396,
                        158
                    ],
                    [
                        421,
                        158
                    ],
                    [
                        447,
                        158
                    ],
                    [
                        447,
                        160
                    ],
                    [
                        441,
                        160
                    ],
                    [
                        441,
                        159
                    ],
                    [
                        421,
                        159
                    ],
                    [
                        421,
                        160
                    ],
                    [
                        395,
                        160
                    ]
                ],
                "interior": []
            }
        },
        {
            "id": 750056216,
            "classId": 2957382,
            "description": "",
            "geometryType": "polygon",
            "labelerLogin": "Nishikant",
            "createdAt": "2021-06-16T11:21:38.134Z",
            "updatedAt": "2021-06-16T11:21:38.134Z",
            "tags": [
                {
                    "id": 122578548,
                    "tagId": 29184432,
                    "name": "Travel Lane Direction",
                    "value": "Through",
                    "labelerLogin": "Nishikant",
                    "createdAt": "2021-06-16T11:21:38.134Z",
                    "updatedAt": "2021-06-16T11:21:38.134Z"
                }
            ],
            "classTitle": "Travel Lane",
            "points": {
                "exterior": [
                    [
                        0,
                        331
                    ],
                    [
                        283,
                        208
                    ],
                    [
                        342,
                        188
                    ],
                    [
                        353,
                        184
                    ],
                    [
                        364,
                        181
                    ],
                    [
                        381,
                        178
                    ],
                    [
                        395,
                        174
                    ],
                    [
                        404,
                        172
                    ],
                    [
                        407,
                        171
                    ],
                    [
                        411,
                        169
                    ],
                    [
                        413,
                        167
                    ],
                    [
                        417,
                        164
                    ],
                    [
                        421,
                        161
                    ],
                    [
                        420,
                        164
                    ],
                    [
                        420,
                        171
                    ],
                    [
                        420,
                        178
                    ],
                    [
                        420,
                        179
                    ],
                    [
                        420,
                        180
                    ],
                    [
                        421,
                        180
                    ],
                    [
                        422,
                        180
                    ],
                    [
                        424,
                        180
                    ],
                    [
                        424,
                        179
                    ],
                    [
                        424,
                        177
                    ],
                    [
                        427,
                        177
                    ],
                    [
                        434,
                        177
                    ],
                    [
                        437,
                        177
                    ],
                    [
                        437,
                        178
                    ],
                    [
                        438,
                        180
                    ],
                    [
                        439,
                        180
                    ],
                    [
                        441,
                        180
                    ],
                    [
                        441,
                        180
                    ],
                    [
                        441,
                        179
                    ],
                    [
                        441,
                        174
                    ],
                    [
                        442,
                        169
                    ],
                    [
                        442,
                        168
                    ],
                    [
                        447,
                        168
                    ],
                    [
                        447,
                        165
                    ],
                    [
                        451,
                        164
                    ],
                    [
                        454,
                        169
                    ],
                    [
                        459,
                        172
                    ],
                    [
                        462,
                        173
                    ],
                    [
                        468,
                        175
                    ],
                    [
                        473,
                        176
                    ],
                    [
                        478,
                        178
                    ],
                    [
                        482,
                        180
                    ],
                    [
                        486,
                        181
                    ],
                    [
                        489,
                        182
                    ],
                    [
                        500,
                        187
                    ],
                    [
                        512,
                        192
                    ],
                    [
                        532,
                        202
                    ],
                    [
                        560,
                        217
                    ],
                    [
                        575,
                        225
                    ],
                    [
                        593,
                        235
                    ],
                    [
                        618,
                        250
                    ],
                    [
                        634,
                        261
                    ],
                    [
                        677,
                        285
                    ],
                    [
                        717,
                        306
                    ],
                    [
                        737,
                        318
                    ],
                    [
                        788,
                        350
                    ],
                    [
                        844,
                        378
                    ],
                    [
                        1041,
                        490
                    ],
                    [
                        1041,
                        589
                    ],
                    [
                        594,
                        590
                    ],
                    [
                        0,
                        589
                    ]
                ],
                "interior": []
            }
        },
        {
            "id": 750056215,
            "classId": 2957382,
            "description": "",
            "geometryType": "polygon",
            "labelerLogin": "Nishikant",
            "createdAt": "2021-06-16T11:21:38.134Z",
            "updatedAt": "2021-06-16T11:21:38.134Z",
            "tags": [
                {
                    "id": 122578547,
                    "tagId": 29184432,
                    "name": "Travel Lane Direction",
                    "value": "Left",
                    "labelerLogin": "Nishikant",
                    "createdAt": "2021-06-16T11:21:38.134Z",
                    "updatedAt": "2021-06-16T11:21:38.134Z"
                }
            ],
            "classTitle": "Travel Lane",
            "points": {
                "exterior": [
                    [
                        0,
                        317
                    ],
                    [
                        242,
                        220
                    ],
                    [
                        332,
                        188
                    ],
                    [
                        354,
                        182
                    ],
                    [
                        370,
                        179
                    ],
                    [
                        385,
                        175
                    ],
                    [
                        396,
                        173
                    ],
                    [
                        404,
                        171
                    ],
                    [
                        408,
                        170
                    ],
                    [
                        411,
                        167
                    ],
                    [
                        419,
                        160
                    ],
                    [
                        395,
                        160
                    ],
                    [
                        394,
                        162
                    ],
                    [
                        395,
                        163
                    ],
                    [
                        396,
                        164
                    ],
                    [
                        396,
                        165
                    ],
                    [
                        397,
                        166
                    ],
                    [
                        397,
                        167
                    ],
                    [
                        396,
                        168
                    ],
                    [
                        395,
                        168
                    ],
                    [
                        393,
                        168
                    ],
                    [
                        390,
                        168
                    ],
                    [
                        388,
                        168
                    ],
                    [
                        388,
                        166
                    ],
                    [
                        388,
                        164
                    ],
                    [
                        384,
                        164
                    ],
                    [
                        369,
                        168
                    ],
                    [
                        354,
                        172
                    ],
                    [
                        334,
                        174
                    ],
                    [
                        335,
                        176
                    ],
                    [
                        335,
                        178
                    ],
                    [
                        332,
                        179
                    ],
                    [
                        330,
                        179
                    ],
                    [
                        329,
                        178
                    ],
                    [
                        328,
                        178
                    ],
                    [
                        327,
                        180
                    ],
                    [
                        325,
                        180
                    ],
                    [
                        323,
                        179
                    ],
                    [
                        321,
                        179
                    ],
                    [
                        318,
                        179
                    ],
                    [
                        316,
                        180
                    ],
                    [
                        314,
                        181
                    ],
                    [
                        312,
                        180
                    ],
                    [
                        312,
                        179
                    ],
                    [
                        309,
                        179
                    ],
                    [
                        308,
                        181
                    ],
                    [
                        306,
                        181
                    ],
                    [
                        303,
                        180
                    ],
                    [
                        303,
                        178
                    ],
                    [
                        301,
                        177
                    ],
                    [
                        298,
                        177
                    ],
                    [
                        279,
                        178
                    ],
                    [
                        250,
                        181
                    ],
                    [
                        250,
                        185
                    ],
                    [
                        250,
                        189
                    ],
                    [
                        249,
                        191
                    ],
                    [
                        246,
                        192
                    ],
                    [
                        242,
                        192
                    ],
                    [
                        236,
                        193
                    ],
                    [
                        229,
                        194
                    ],
                    [
                        226,
                        195
                    ],
                    [
                        224,
                        197
                    ],
                    [
                        221,
                        197
                    ],
                    [
                        217,
                        197
                    ],
                    [
                        213,
                        197
                    ],
                    [
                        207,
                        197
                    ],
                    [
                        195,
                        198
                    ],
                    [
                        190,
                        198
                    ],
                    [
                        188,
                        199
                    ],
                    [
                        184,
                        199
                    ],
                    [
                        183,
                        199
                    ],
                    [
                        182,
                        197
                    ],
                    [
                        180,
                        196
                    ],
                    [
                        179,
                        194
                    ],
                    [
                        179,
                        193
                    ],
                    [
                        178,
                        191
                    ],
                    [
                        177,
                        190
                    ],
                    [
                        158,
                        193
                    ],
                    [
                        122,
                        198
                    ],
                    [
                        10,
                        214
                    ],
                    [
                        0,
                        215
                    ]
                ],
                "interior": []
            }
        },
        {
            "id": 750056214,
            "classId": 2957383,
            "description": "",
            "geometryType": "polygon",
            "labelerLogin": "Nishikant",
            "createdAt": "2021-06-16T11:21:38.134Z",
            "updatedAt": "2021-06-16T11:21:38.134Z",
            "tags": [
                {
                    "id": 122578546,
                    "tagId": 29184437,
                    "name": "Left Arrow",
                    "value": null,
                    "labelerLogin": "Nishikant",
                    "createdAt": "2021-06-16T11:21:38.134Z",
                    "updatedAt": "2021-06-16T11:21:38.134Z"
                }
            ],
            "classTitle": "Movement Marking",
            "points": {
                "exterior": [
                    [
                        49,
                        254
                    ],
                    [
                        21,
                        263
                    ],
                    [
                        0,
                        269
                    ],
                    [
                        0,
                        275
                    ],
                    [
                        0,
                        279
                    ],
                    [
                        5,
                        279
                    ],
                    [
                        11,
                        277
                    ],
                    [
                        15,
                        277
                    ],
                    [
                        19,
                        278
                    ],
                    [
                        19,
                        280
                    ],
                    [
                        11,
                        281
                    ],
                    [
                        0,
                        283
                    ],
                    [
                        0,
                        286
                    ],
                    [
                        11,
                        285
                    ],
                    [
                        30,
                        281
                    ],
                    [
                        48,
                        279
                    ],
                    [
                        58,
                        277
                    ],
                    [
                        80,
                        273
                    ],
                    [
                        76,
                        268
                    ],
                    [
                        63,
                        262
                    ],
                    [
                        54,
                        266
                    ],
                    [
                        48,
                        269
                    ],
                    [
                        44,
                        271
                    ],
                    [
                        29,
                        272
                    ],
                    [
                        24,
                        271
                    ],
                    [
                        20,
                        270
                    ],
                    [
                        20,
                        269
                    ],
                    [
                        28,
                        266
                    ],
                    [
                        42,
                        262
                    ],
                    [
                        54,
                        258
                    ],
                    [
                        57,
                        257
                    ]
                ],
                "interior": []
            }
        },
        {
            "id": 750056213,
            "classId": 2957384,
            "description": "",
            "geometryType": "polygon",
            "labelerLogin": "Nishikant",
            "createdAt": "2021-06-16T11:21:38.134Z",
            "updatedAt": "2021-06-16T11:21:38.134Z",
            "tags": [
                {
                    "id": 122578545,
                    "tagId": 29184434,
                    "name": "Yellow Lane Marking",
                    "value": "Hatched",
                    "labelerLogin": "Nishikant",
                    "createdAt": "2021-06-16T11:21:38.134Z",
                    "updatedAt": "2021-06-16T11:21:38.134Z"
                }
            ],
            "classTitle": "Lane Marking",
            "points": {
                "exterior": [
                    [
                        0,
                        324
                    ],
                    [
                        79,
                        289
                    ],
                    [
                        161,
                        256
                    ],
                    [
                        187,
                        245
                    ],
                    [
                        200,
                        239
                    ],
                    [
                        221,
                        231
                    ],
                    [
                        283,
                        206
                    ],
                    [
                        292,
                        203
                    ],
                    [
                        296,
                        202
                    ],
                    [
                        310,
                        197
                    ],
                    [
                        316,
                        195
                    ],
                    [
                        323,
                        193
                    ],
                    [
                        344,
                        186
                    ],
                    [
                        343,
                        185
                    ],
                    [
                        322,
                        192
                    ],
                    [
                        309,
                        196
                    ],
                    [
                        295,
                        201
                    ],
                    [
                        282,
                        205
                    ],
                    [
                        219,
                        229
                    ],
                    [
                        198,
                        237
                    ],
                    [
                        159,
                        254
                    ],
                    [
                        72,
                        288
                    ],
                    [
                        0,
                        319
                    ]
                ],
                "interior": []
            }
        }
    ]
}