{
    "description": "",
    "tags": [
        {
            "id": 107913184,
            "tagId": 29184443,
            "name": "train",
            "value": null,
            "labelerLogin": "Nishikant",
            "createdAt": "2021-06-16T11:21:38.134Z",
            "updatedAt": "2021-06-16T11:21:38.134Z"
        }
    ],
    "size": {
        "height": 590,
        "width": 1042
    },
    "objects": [
        {
            "id": 750056225,
            "classId": 2957384,
            "description": "",
            "geometryType": "polygon",
            "labelerLogin": "Nishikant",
            "createdAt": "2021-06-16T11:21:38.134Z",
            "updatedAt": "2021-06-16T11:21:38.134Z",
            "tags": [
                {
                    "id": 122578557,
                    "tagId": 29184434,
                    "name": "Yellow Lane Marking",
                    "value": "Hatched",
                    "labelerLogin": "Nishikant",
                    "createdAt": "2021-06-16T11:21:38.134Z",
                    "updatedAt": "2021-06-16T11:21:38.134Z"
                }
            ],
            "classTitle": "Lane Marking",
            "points": {
                "exterior": [
                    [
                        0,
                        373
                    ],
                    [
                        421,
                        213
                    ],
                    [
                        518,
                        180
                    ],
                    [
                        552,
                        174
                    ],
                    [
                        570,
                        171
                    ],
                    [
                        579,
                        165
                    ],
                    [
                        583,
                        161
                    ],
                    [
                        583,
                        161
                    ],
                    [
                        579,
                        165
                    ],
                    [
                        571,
                        171
                    ],
                    [
                        557,
                        174
                    ],
                    [
                        518,
                        181
                    ],
                    [
                        425,
                        214
                    ],
                    [
                        316,
                        255
                    ],
                    [
                        0,
                        377
                    ]
                ],
                "interior": []
            }
        },
        {
            "id": 750056224,
            "classId": 2957379,
            "description": "",
            "geometryType": "polygon",
            "labelerLogin": "Nishikant",
            "createdAt": "2021-06-16T11:21:38.134Z",
            "updatedAt": "2021-06-16T11:21:38.134Z",
            "tags": [
                {
                    "id": 122578556,
                    "tagId": 29184433,
                    "name": "Crosswalk",
                    "value": "White Hatched",
                    "labelerLogin": "Nishikant",
                    "createdAt": "2021-06-16T11:21:38.134Z",
                    "updatedAt": "2021-06-16T11:21:38.134Z"
                }
            ],
            "classTitle": "Crosswalk",
            "points": {
                "exterior": [
                    [
                        564,
                        158
                    ],
                    [
                        584,
                        158
                    ],
                    [
                        599,
                        158
                    ],
                    [
                        610,
                        158
                    ],
                    [
                        610,
                        160
                    ],
                    [
                        602,
                        160
                    ],
                    [
                        601,
                        159
                    ],
                    [
                        586,
                        159
                    ],
                    [
                        584,
                        160
                    ],
                    [
                        561,
                        160
                    ]
                ],
                "interior": []
            }
        },
        {
            "id": 750056223,
            "classId": 2957382,
            "description": "",
            "geometryType": "polygon",
            "labelerLogin": "Nishikant",
            "createdAt": "2021-06-16T11:21:38.134Z",
            "updatedAt": "2021-06-16T11:21:38.134Z",
            "tags": [
                {
                    "id": 122578555,
                    "tagId": 29184432,
                    "name": "Travel Lane Direction",
                    "value": "Through",
                    "labelerLogin": "Nishikant",
                    "createdAt": "2021-06-16T11:21:38.134Z",
                    "updatedAt": "2021-06-16T11:21:38.134Z"
                }
            ],
            "classTitle": "Travel Lane",
            "points": {
                "exterior": [
                    [
                        584,
                        161
                    ],
                    [
                        582,
                        163
                    ],
                    [
                        578,
                        166
                    ],
                    [
                        574,
                        169
                    ],
                    [
                        572,
                        170
                    ],
                    [
                        572,
                        171
                    ],
                    [
                        570,
                        172
                    ],
                    [
                        567,
                        172
                    ],
                    [
                        557,
                        174
                    ],
                    [
                        546,
                        176
                    ],
                    [
                        529,
                        179
                    ],
                    [
                        520,
                        181
                    ],
                    [
                        504,
                        187
                    ],
                    [
                        472,
                        199
                    ],
                    [
                        413,
                        221
                    ],
                    [
                        278,
                        275
                    ],
                    [
                        0,
                        385
                    ],
                    [
                        0,
                        589
                    ],
                    [
                        1041,
                        589
                    ],
                    [
                        1041,
                        424
                    ],
                    [
                        813,
                        273
                    ],
                    [
                        664,
                        189
                    ],
                    [
                        638,
                        178
                    ],
                    [
                        599,
                        180
                    ],
                    [
                        598,
                        177
                    ],
                    [
                        587,
                        177
                    ],
                    [
                        587,
                        179
                    ],
                    [
                        582,
                        179
                    ],
                    [
                        582,
                        173
                    ],
                    [
                        583,
                        167
                    ],
                    [
                        583,
                        164
                    ],
                    [
                        584,
                        163
                    ],
                    [
                        585,
                        162
                    ]
                ],
                "interior": []
            }
        },
        {
            "id": 750056222,
            "classId": 2957382,
            "description": "",
            "geometryType": "polygon",
            "labelerLogin": "Nishikant",
            "createdAt": "2021-06-16T11:21:38.134Z",
            "updatedAt": "2021-06-16T11:21:38.134Z",
            "tags": [
                {
                    "id": 122578554,
                    "tagId": 29184432,
                    "name": "Travel Lane Direction",
                    "value": "Through",
                    "labelerLogin": "Nishikant",
                    "createdAt": "2021-06-16T11:21:38.134Z",
                    "updatedAt": "2021-06-16T11:21:38.134Z"
                }
            ],
            "classTitle": "Travel Lane",
            "points": {
                "exterior": [
                    [
                        602,
                        180
                    ],
                    [
                        602,
                        174
                    ],
                    [
                        603,
                        172
                    ],
                    [
                        603,
                        167
                    ],
                    [
                        608,
                        167
                    ],
                    [
                        609,
                        167
                    ],
                    [
                        609,
                        166
                    ],
                    [
                        609,
                        163
                    ],
                    [
                        609,
                        161
                    ],
                    [
                        611,
                        161
                    ],
                    [
                        612,
                        163
                    ],
                    [
                        616,
                        168
                    ],
                    [
                        621,
                        172
                    ],
                    [
                        631,
                        176
                    ],
                    [
                        637,
                        177
                    ],
                    [
                        637,
                        178
                    ]
                ],
                "interior": []
            }
        },
        {
            "id": 750056221,
            "classId": 2957382,
            "description": "",
            "geometryType": "polygon",
            "labelerLogin": "Nishikant",
            "createdAt": "2021-06-16T11:21:38.134Z",
            "updatedAt": "2021-06-16T11:21:38.134Z",
            "tags": [
                {
                    "id": 122578553,
                    "tagId": 29184432,
                    "name": "Travel Lane Direction",
                    "value": "Left",
                    "labelerLogin": "Nishikant",
                    "createdAt": "2021-06-16T11:21:38.134Z",
                    "updatedAt": "2021-06-16T11:21:38.134Z"
                }
            ],
            "classTitle": "Travel Lane",
            "points": {
                "exterior": [
                    [
                        0,
                        373
                    ],
                    [
                        0,
                        293
                    ],
                    [
                        15,
                        288
                    ],
                    [
                        22,
                        276
                    ],
                    [
                        23,
                        271
                    ],
                    [
                        30,
                        270
                    ],
                    [
                        43,
                        263
                    ],
                    [
                        47,
                        257
                    ],
                    [
                        46,
                        251
                    ],
                    [
                        46,
                        244
                    ],
                    [
                        42,
                        241
                    ],
                    [
                        37,
                        238
                    ],
                    [
                        57,
                        234
                    ],
                    [
                        149,
                        220
                    ],
                    [
                        211,
                        208
                    ],
                    [
                        276,
                        200
                    ],
                    [
                        322,
                        192
                    ],
                    [
                        388,
                        183
                    ],
                    [
                        390,
                        183
                    ],
                    [
                        390,
                        184
                    ],
                    [
                        391,
                        186
                    ],
                    [
                        392,
                        188
                    ],
                    [
                        393,
                        189
                    ],
                    [
                        396,
                        189
                    ],
                    [
                        398,
                        189
                    ],
                    [
                        399,
                        188
                    ],
                    [
                        401,
                        187
                    ],
                    [
                        406,
                        187
                    ],
                    [
                        410,
                        188
                    ],
                    [
                        413,
                        187
                    ],
                    [
                        415,
                        187
                    ],
                    [
                        417,
                        189
                    ],
                    [
                        420,
                        189
                    ],
                    [
                        423,
                        187
                    ],
                    [
                        425,
                        185
                    ],
                    [
                        429,
                        184
                    ],
                    [
                        432,
                        184
                    ],
                    [
                        434,
                        186
                    ],
                    [
                        438,
                        186
                    ],
                    [
                        439,
                        184
                    ],
                    [
                        440,
                        181
                    ],
                    [
                        440,
                        178
                    ],
                    [
                        444,
                        177
                    ],
                    [
                        456,
                        177
                    ],
                    [
                        470,
                        176
                    ],
                    [
                        479,
                        175
                    ],
                    [
                        480,
                        177
                    ],
                    [
                        482,
                        178
                    ],
                    [
                        484,
                        178
                    ],
                    [
                        485,
                        176
                    ],
                    [
                        487,
                        176
                    ],
                    [
                        488,
                        177
                    ],
                    [
                        490,
                        177
                    ],
                    [
                        491,
                        176
                    ],
                    [
                        494,
                        176
                    ],
                    [
                        496,
                        176
                    ],
                    [
                        497,
                        178
                    ],
                    [
                        499,
                        178
                    ],
                    [
                        500,
                        177
                    ],
                    [
                        500,
                        176
                    ],
                    [
                        502,
                        176
                    ],
                    [
                        502,
                        177
                    ],
                    [
                        504,
                        177
                    ],
                    [
                        505,
                        176
                    ],
                    [
                        504,
                        175
                    ],
                    [
                        506,
                        174
                    ],
                    [
                        506,
                        171
                    ],
                    [
                        516,
                        171
                    ],
                    [
                        524,
                        170
                    ],
                    [
                        529,
                        169
                    ],
                    [
                        535,
                        169
                    ],
                    [
                        538,
                        168
                    ],
                    [
                        544,
                        166
                    ],
                    [
                        548,
                        164
                    ],
                    [
                        552,
                        162
                    ],
                    [
                        554,
                        162
                    ],
                    [
                        553,
                        165
                    ],
                    [
                        552,
                        167
                    ],
                    [
                        555,
                        167
                    ],
                    [
                        559,
                        167
                    ],
                    [
                        561,
                        166
                    ],
                    [
                        561,
                        165
                    ],
                    [
                        561,
                        163
                    ],
                    [
                        561,
                        160
                    ],
                    [
                        567,
                        160
                    ],
                    [
                        585,
                        160
                    ],
                    [
                        570,
                        171
                    ],
                    [
                        518,
                        180
                    ],
                    [
                        500,
                        186
                    ],
                    [
                        421,
                        213
                    ]
                ],
                "interior": []
            }
        },
        {
            "id": 750056220,
            "classId": 2957383,
            "description": "",
            "geometryType": "polygon",
            "labelerLogin": "Nishikant",
            "createdAt": "2021-06-16T11:21:38.134Z",
            "updatedAt": "2021-06-16T11:21:38.134Z",
            "tags": [
                {
                    "id": 122578552,
                    "tagId": 29184437,
                    "name": "Left Arrow",
                    "value": null,
                    "labelerLogin": "Nishikant",
                    "createdAt": "2021-06-16T11:21:38.134Z",
                    "updatedAt": "2021-06-16T11:21:38.134Z"
                }
            ],
            "classTitle": "Movement Marking",
            "points": {
                "exterior": [
                    [
                        285,
                        241
                    ],
                    [
                        279,
                        241
                    ],
                    [
                        276,
                        240
                    ],
                    [
                        276,
                        238
                    ],
                    [
                        279,
                        236
                    ],
                    [
                        284,
                        234
                    ],
                    [
                        290,
                        232
                    ],
                    [
                        296,
                        230
                    ],
                    [
                        304,
                        228
                    ],
                    [
                        313,
                        228
                    ],
                    [
                        306,
                        231
                    ],
                    [
                        302,
                        232
                    ],
                    [
                        296,
                        234
                    ],
                    [
                        293,
                        236
                    ],
                    [
                        294,
                        237
                    ],
                    [
                        297,
                        238
                    ],
                    [
                        302,
                        238
                    ],
                    [
                        305,
                        238
                    ],
                    [
                        306,
                        238
                    ],
                    [
                        311,
                        235
                    ],
                    [
                        315,
                        232
                    ],
                    [
                        317,
                        233
                    ],
                    [
                        321,
                        237
                    ],
                    [
                        326,
                        242
                    ],
                    [
                        309,
                        244
                    ],
                    [
                        299,
                        245
                    ],
                    [
                        288,
                        246
                    ],
                    [
                        278,
                        247
                    ],
                    [
                        272,
                        247
                    ],
                    [
                        279,
                        245
                    ],
                    [
                        284,
                        244
                    ],
                    [
                        288,
                        243
                    ],
                    [
                        291,
                        242
                    ],
                    [
                        291,
                        241
                    ],
                    [
                        291,
                        241
                    ]
                ],
                "interior": []
            }
        },
        {
            "id": 750056219,
            "classId": 2957384,
            "description": "",
            "geometryType": "polygon",
            "labelerLogin": "Nishikant",
            "createdAt": "2021-06-16T11:21:38.134Z",
            "updatedAt": "2021-06-16T11:21:38.134Z",
            "tags": [
                {
                    "id": 122578551,
                    "tagId": 29184434,
                    "name": "Yellow Lane Marking",
                    "value": "Hatched",
                    "labelerLogin": "Nishikant",
                    "createdAt": "2021-06-16T11:21:38.134Z",
                    "updatedAt": "2021-06-16T11:21:38.134Z"
                }
            ],
            "classTitle": "Lane Marking",
            "points": {
                "exterior": [
                    [
                        0,
                        380
                    ],
                    [
                        52,
                        359
                    ],
                    [
                        258,
                        280
                    ],
                    [
                        283,
                        270
                    ],
                    [
                        380,
                        232
                    ],
                    [
                        405,
                        222
                    ],
                    [
                        417,
                        217
                    ],
                    [
                        469,
                        199
                    ],
                    [
                        483,
                        194
                    ],
                    [
                        502,
                        187
                    ],
                    [
                        510,
                        184
                    ],
                    [
                        516,
                        182
                    ],
                    [
                        519,
                        181
                    ],
                    [
                        520,
                        181
                    ],
                    [
                        509,
                        185
                    ],
                    [
                        483,
                        195
                    ],
                    [
                        418,
                        219
                    ],
                    [
                        380,
                        234
                    ],
                    [
                        283,
                        273
                    ],
                    [
                        258,
                        283
                    ],
                    [
                        57,
                        362
                    ],
                    [
                        0,
                        385
                    ]
                ],
                "interior": []
            }
        }
    ]
}