{
    "description": "",
    "tags": [
        {
            "id": 107913186,
            "tagId": 29184443,
            "name": "train",
            "value": null,
            "labelerLogin": "Nishikant",
            "createdAt": "2021-06-16T11:21:38.134Z",
            "updatedAt": "2021-06-16T11:21:38.134Z"
        }
    ],
    "size": {
        "height": 590,
        "width": 1042
    },
    "objects": [
        {
            "id": 750056212,
            "classId": 2957384,
            "description": "",
            "geometryType": "polygon",
            "labelerLogin": "Nishikant",
            "createdAt": "2021-06-16T11:21:38.134Z",
            "updatedAt": "2021-06-16T11:21:38.134Z",
            "tags": [
                {
                    "id": 122578544,
                    "tagId": 29184434,
                    "name": "Yellow Lane Marking",
                    "value": "Hatched",
                    "labelerLogin": "Nishikant",
                    "createdAt": "2021-06-16T11:21:38.134Z",
                    "updatedAt": "2021-06-16T11:21:38.134Z"
                }
            ],
            "classTitle": "Lane Marking",
            "points": {
                "exterior": [
                    [
                        0,
                        378
                    ],
                    [
                        207,
                        300
                    ],
                    [
                        399,
                        226
                    ],
                    [
                        456,
                        206
                    ],
                    [
                        507,
                        190
                    ],
                    [
                        531,
                        182
                    ],
                    [
                        547,
                        175
                    ],
                    [
                        558,
                        165
                    ],
                    [
                        559,
                        165
                    ],
                    [
                        548,
                        175
                    ],
                    [
                        533,
                        182
                    ],
                    [
                        502,
                        192
                    ],
                    [
                        457,
                        207
                    ],
                    [
                        403,
                        227
                    ],
                    [
                        297,
                        268
                    ],
                    [
                        208,
                        303
                    ],
                    [
                        0,
                        384
                    ]
                ],
                "interior": []
            }
        },
        {
            "id": 750056211,
            "classId": 2957379,
            "description": "",
            "geometryType": "polygon",
            "labelerLogin": "Nishikant",
            "createdAt": "2021-06-16T11:21:38.134Z",
            "updatedAt": "2021-06-16T11:21:38.134Z",
            "tags": [
                {
                    "id": 122578543,
                    "tagId": 29184433,
                    "name": "Crosswalk",
                    "value": "White Hatched",
                    "labelerLogin": "Nishikant",
                    "createdAt": "2021-06-16T11:21:38.134Z",
                    "updatedAt": "2021-06-16T11:21:38.134Z"
                }
            ],
            "classTitle": "Crosswalk",
            "points": {
                "exterior": [
                    [
                        512,
                        167
                    ],
                    [
                        521,
                        164
                    ],
                    [
                        531,
                        164
                    ],
                    [
                        525,
                        167
                    ]
                ],
                "interior": []
            }
        },
        {
            "id": 750056210,
            "classId": 2957379,
            "description": "",
            "geometryType": "polygon",
            "labelerLogin": "Nishikant",
            "createdAt": "2021-06-16T11:21:38.134Z",
            "updatedAt": "2021-06-16T11:21:38.134Z",
            "tags": [
                {
                    "id": 122578542,
                    "tagId": 29184433,
                    "name": "Crosswalk",
                    "value": "White Hatched",
                    "labelerLogin": "Nishikant",
                    "createdAt": "2021-06-16T11:21:38.134Z",
                    "updatedAt": "2021-06-16T11:21:38.134Z"
                }
            ],
            "classTitle": "Crosswalk",
            "points": {
                "exterior": [
                    [
                        538,
                        162
                    ],
                    [
                        595,
                        162
                    ],
                    [
                        598,
                        165
                    ],
                    [
                        536,
                        164
                    ]
                ],
                "interior": []
            }
        },
        {
            "id": 750056209,
            "classId": 2957382,
            "description": "",
            "geometryType": "polygon",
            "labelerLogin": "Nishikant",
            "createdAt": "2021-06-16T11:21:38.134Z",
            "updatedAt": "2021-06-16T11:21:38.134Z",
            "tags": [
                {
                    "id": 122578541,
                    "tagId": 29184432,
                    "name": "Travel Lane Direction",
                    "value": "Through",
                    "labelerLogin": "Nishikant",
                    "createdAt": "2021-06-16T11:21:38.134Z",
                    "updatedAt": "2021-06-16T11:21:38.134Z"
                }
            ],
            "classTitle": "Travel Lane",
            "points": {
                "exterior": [
                    [
                        559,
                        165
                    ],
                    [
                        549,
                        174
                    ],
                    [
                        548,
                        175
                    ],
                    [
                        544,
                        177
                    ],
                    [
                        533,
                        182
                    ],
                    [
                        530,
                        183
                    ],
                    [
                        521,
                        186
                    ],
                    [
                        508,
                        190
                    ],
                    [
                        493,
                        195
                    ],
                    [
                        469,
                        203
                    ],
                    [
                        451,
                        209
                    ],
                    [
                        420,
                        221
                    ],
                    [
                        395,
                        230
                    ],
                    [
                        325,
                        257
                    ],
                    [
                        0,
                        384
                    ],
                    [
                        0,
                        544
                    ],
                    [
                        0,
                        589
                    ],
                    [
                        331,
                        589
                    ],
                    [
                        558,
                        589
                    ],
                    [
                        1040,
                        588
                    ],
                    [
                        1041,
                        437
                    ],
                    [
                        865,
                        331
                    ],
                    [
                        675,
                        217
                    ],
                    [
                        637,
                        198
                    ],
                    [
                        617,
                        187
                    ],
                    [
                        603,
                        181
                    ],
                    [
                        594,
                        172
                    ],
                    [
                        590,
                        168
                    ],
                    [
                        585,
                        168
                    ],
                    [
                        585,
                        171
                    ],
                    [
                        580,
                        171
                    ],
                    [
                        580,
                        174
                    ],
                    [
                        582,
                        174
                    ],
                    [
                        582,
                        176
                    ],
                    [
                        580,
                        176
                    ],
                    [
                        581,
                        179
                    ],
                    [
                        581,
                        182
                    ],
                    [
                        581,
                        185
                    ],
                    [
                        581,
                        189
                    ],
                    [
                        581,
                        190
                    ],
                    [
                        578,
                        190
                    ],
                    [
                        577,
                        190
                    ],
                    [
                        577,
                        186
                    ],
                    [
                        564,
                        186
                    ],
                    [
                        564,
                        188
                    ],
                    [
                        563,
                        189
                    ],
                    [
                        561,
                        189
                    ],
                    [
                        561,
                        183
                    ],
                    [
                        561,
                        177
                    ],
                    [
                        562,
                        174
                    ],
                    [
                        563,
                        171
                    ],
                    [
                        564,
                        169
                    ],
                    [
                        566,
                        168
                    ],
                    [
                        568,
                        165
                    ]
                ],
                "interior": []
            }
        },
        {
            "id": 750056208,
            "classId": 2957382,
            "description": "",
            "geometryType": "polygon",
            "labelerLogin": "Nishikant",
            "createdAt": "2021-06-16T11:21:38.134Z",
            "updatedAt": "2021-06-16T11:21:38.134Z",
            "tags": [
                {
                    "id": 122578540,
                    "tagId": 29184432,
                    "name": "Travel Lane Direction",
                    "value": "Left",
                    "labelerLogin": "Nishikant",
                    "createdAt": "2021-06-16T11:21:38.134Z",
                    "updatedAt": "2021-06-16T11:21:38.134Z"
                }
            ],
            "classTitle": "Travel Lane",
            "points": {
                "exterior": [
                    [
                        0,
                        244
                    ],
                    [
                        11,
                        242
                    ],
                    [
                        11,
                        249
                    ],
                    [
                        17,
                        258
                    ],
                    [
                        23,
                        262
                    ],
                    [
                        29,
                        264
                    ],
                    [
                        40,
                        267
                    ],
                    [
                        50,
                        266
                    ],
                    [
                        63,
                        267
                    ],
                    [
                        84,
                        268
                    ],
                    [
                        98,
                        266
                    ],
                    [
                        102,
                        264
                    ],
                    [
                        108,
                        267
                    ],
                    [
                        118,
                        268
                    ],
                    [
                        131,
                        265
                    ],
                    [
                        136,
                        261
                    ],
                    [
                        139,
                        255
                    ],
                    [
                        147,
                        254
                    ],
                    [
                        210,
                        237
                    ],
                    [
                        215,
                        242
                    ],
                    [
                        226,
                        242
                    ],
                    [
                        233,
                        239
                    ],
                    [
                        234,
                        234
                    ],
                    [
                        235,
                        230
                    ],
                    [
                        237,
                        228
                    ],
                    [
                        241,
                        225
                    ],
                    [
                        240,
                        222
                    ],
                    [
                        239,
                        218
                    ],
                    [
                        238,
                        212
                    ],
                    [
                        239,
                        210
                    ],
                    [
                        285,
                        205
                    ],
                    [
                        327,
                        199
                    ],
                    [
                        379,
                        193
                    ],
                    [
                        402,
                        190
                    ],
                    [
                        454,
                        184
                    ],
                    [
                        488,
                        178
                    ],
                    [
                        494,
                        177
                    ],
                    [
                        500,
                        176
                    ],
                    [
                        508,
                        173
                    ],
                    [
                        509,
                        172
                    ],
                    [
                        509,
                        176
                    ],
                    [
                        509,
                        178
                    ],
                    [
                        511,
                        178
                    ],
                    [
                        511,
                        177
                    ],
                    [
                        514,
                        177
                    ],
                    [
                        516,
                        177
                    ],
                    [
                        517,
                        178
                    ],
                    [
                        518,
                        178
                    ],
                    [
                        520,
                        178
                    ],
                    [
                        521,
                        176
                    ],
                    [
                        522,
                        174
                    ],
                    [
                        522,
                        171
                    ],
                    [
                        521,
                        169
                    ],
                    [
                        523,
                        167
                    ],
                    [
                        525,
                        167
                    ],
                    [
                        527,
                        166
                    ],
                    [
                        544,
                        166
                    ],
                    [
                        558,
                        165
                    ],
                    [
                        548,
                        174
                    ],
                    [
                        548,
                        174
                    ],
                    [
                        547,
                        175
                    ],
                    [
                        531,
                        182
                    ],
                    [
                        517,
                        186
                    ],
                    [
                        510,
                        188
                    ],
                    [
                        506,
                        189
                    ],
                    [
                        472,
                        199
                    ],
                    [
                        448,
                        207
                    ],
                    [
                        421,
                        216
                    ],
                    [
                        325,
                        251
                    ],
                    [
                        239,
                        283
                    ],
                    [
                        95,
                        337
                    ],
                    [
                        0,
                        370
                    ]
                ],
                "interior": []
            }
        },
        {
            "id": 750056207,
            "classId": 2957384,
            "description": "",
            "geometryType": "polygon",
            "labelerLogin": "Nishikant",
            "createdAt": "2021-06-16T11:21:38.134Z",
            "updatedAt": "2021-06-16T11:21:38.134Z",
            "tags": [
                {
                    "id": 122578539,
                    "tagId": 29184434,
                    "name": "Yellow Lane Marking",
                    "value": "Hatched",
                    "labelerLogin": "Nishikant",
                    "createdAt": "2021-06-16T11:21:38.134Z",
                    "updatedAt": "2021-06-16T11:21:38.134Z"
                }
            ],
            "classTitle": "Lane Marking",
            "points": {
                "exterior": [
                    [
                        0,
                        375
                    ],
                    [
                        98,
                        340
                    ],
                    [
                        153,
                        319
                    ],
                    [
                        283,
                        269
                    ],
                    [
                        313,
                        258
                    ],
                    [
                        340,
                        248
                    ],
                    [
                        386,
                        230
                    ],
                    [
                        403,
                        224
                    ],
                    [
                        409,
                        222
                    ],
                    [
                        434,
                        213
                    ],
                    [
                        448,
                        208
                    ],
                    [
                        461,
                        204
                    ],
                    [
                        473,
                        200
                    ],
                    [
                        487,
                        196
                    ],
                    [
                        504,
                        190
                    ],
                    [
                        503,
                        190
                    ],
                    [
                        487,
                        195
                    ],
                    [
                        472,
                        199
                    ],
                    [
                        460,
                        203
                    ],
                    [
                        448,
                        207
                    ],
                    [
                        433,
                        212
                    ],
                    [
                        408,
                        221
                    ],
                    [
                        402,
                        223
                    ],
                    [
                        384,
                        229
                    ],
                    [
                        339,
                        246
                    ],
                    [
                        311,
                        256
                    ],
                    [
                        282,
                        267
                    ],
                    [
                        150,
                        316
                    ],
                    [
                        95,
                        337
                    ],
                    [
                        0,
                        370
                    ]
                ],
                "interior": []
            }
        },
        {
            "id": 750056206,
            "classId": 2957383,
            "description": "",
            "geometryType": "polygon",
            "labelerLogin": "Nishikant",
            "createdAt": "2021-06-16T11:21:38.134Z",
            "updatedAt": "2021-06-16T11:21:38.134Z",
            "tags": [
                {
                    "id": 122578538,
                    "tagId": 29184437,
                    "name": "Left Arrow",
                    "value": null,
                    "labelerLogin": "Nishikant",
                    "createdAt": "2021-06-16T11:21:38.134Z",
                    "updatedAt": "2021-06-16T11:21:38.134Z"
                }
            ],
            "classTitle": "Movement Marking",
            "points": {
                "exterior": [
                    [
                        77,
                        308
                    ],
                    [
                        110,
                        299
                    ],
                    [
                        132,
                        293
                    ],
                    [
                        126,
                        292
                    ],
                    [
                        122,
                        289
                    ],
                    [
                        121,
                        286
                    ],
                    [
                        126,
                        281
                    ],
                    [
                        132,
                        279
                    ],
                    [
                        144,
                        275
                    ],
                    [
                        156,
                        272
                    ],
                    [
                        168,
                        269
                    ],
                    [
                        179,
                        266
                    ],
                    [
                        188,
                        263
                    ],
                    [
                        195,
                        261
                    ],
                    [
                        204,
                        264
                    ],
                    [
                        200,
                        265
                    ],
                    [
                        192,
                        267
                    ],
                    [
                        181,
                        270
                    ],
                    [
                        170,
                        273
                    ],
                    [
                        163,
                        275
                    ],
                    [
                        156,
                        277
                    ],
                    [
                        151,
                        280
                    ],
                    [
                        151,
                        281
                    ],
                    [
                        153,
                        283
                    ],
                    [
                        157,
                        283
                    ],
                    [
                        161,
                        284
                    ],
                    [
                        165,
                        284
                    ],
                    [
                        168,
                        283
                    ],
                    [
                        172,
                        282
                    ],
                    [
                        182,
                        278
                    ],
                    [
                        192,
                        275
                    ],
                    [
                        195,
                        274
                    ],
                    [
                        195,
                        278
                    ],
                    [
                        194,
                        293
                    ],
                    [
                        181,
                        294
                    ],
                    [
                        174,
                        295
                    ],
                    [
                        132,
                        302
                    ],
                    [
                        109,
                        305
                    ],
                    [
                        83,
                        309
                    ],
                    [
                        77,
                        309
                    ]
                ],
                "interior": []
            }
        }
    ]
}