{
    "description": "",
    "tags": [
        {
            "id": 107912794,
            "tagId": 29184443,
            "name": "train",
            "value": null,
            "labelerLogin": "Nishikant",
            "createdAt": "2021-06-16T11:21:38.134Z",
            "updatedAt": "2021-06-16T11:21:38.134Z"
        }
    ],
    "size": {
        "height": 590,
        "width": 1042
    },
    "objects": [
        {
            "id": 750052273,
            "classId": 2957384,
            "description": "",
            "geometryType": "polygon",
            "labelerLogin": "Nishikant",
            "createdAt": "2021-06-16T11:21:38.134Z",
            "updatedAt": "2021-06-16T11:21:38.134Z",
            "tags": [
                {
                    "id": 122574690,
                    "tagId": 29184434,
                    "name": "Yellow Lane Marking",
                    "value": "Hatched",
                    "labelerLogin": "Nishikant",
                    "createdAt": "2021-06-16T11:21:38.134Z",
                    "updatedAt": "2021-06-16T11:21:38.134Z"
                }
            ],
            "classTitle": "Lane Marking",
            "points": {
                "exterior": [
                    [
                        0,
                        325
                    ],
                    [
                        226,
                        261
                    ],
                    [
                        253,
                        253
                    ],
                    [
                        257,
                        254
                    ],
                    [
                        182,
                        276
                    ],
                    [
                        0,
                        328
                    ]
                ],
                "interior": []
            }
        },
        {
            "id": 750052272,
            "classId": 2957384,
            "description": "",
            "geometryType": "polygon",
            "labelerLogin": "Nishikant",
            "createdAt": "2021-06-16T11:21:38.134Z",
            "updatedAt": "2021-06-16T11:21:38.134Z",
            "tags": [
                {
                    "id": 122574689,
                    "tagId": 29184431,
                    "name": "White Lane Marking",
                    "value": "Solid",
                    "labelerLogin": "Nishikant",
                    "createdAt": "2021-06-16T11:21:38.134Z",
                    "updatedAt": "2021-06-16T11:21:38.134Z"
                }
            ],
            "classTitle": "Lane Marking",
            "points": {
                "exterior": [
                    [
                        389,
                        211
                    ],
                    [
                        502,
                        174
                    ],
                    [
                        535,
                        164
                    ],
                    [
                        535,
                        165
                    ],
                    [
                        503,
                        175
                    ],
                    [
                        397,
                        212
                    ]
                ],
                "interior": []
            }
        },
        {
            "id": 750052271,
            "classId": 2957384,
            "description": "",
            "geometryType": "polygon",
            "labelerLogin": "Nishikant",
            "createdAt": "2021-06-16T11:21:38.134Z",
            "updatedAt": "2021-06-16T11:21:38.134Z",
            "tags": [
                {
                    "id": 122574688,
                    "tagId": 29184434,
                    "name": "Yellow Lane Marking",
                    "value": "Solid",
                    "labelerLogin": "Nishikant",
                    "createdAt": "2021-06-16T11:21:38.134Z",
                    "updatedAt": "2021-06-16T11:21:38.134Z"
                }
            ],
            "classTitle": "Lane Marking",
            "points": {
                "exterior": [
                    [
                        433,
                        227
                    ],
                    [
                        535,
                        175
                    ],
                    [
                        557,
                        165
                    ],
                    [
                        559,
                        165
                    ],
                    [
                        536,
                        176
                    ],
                    [
                        437,
                        227
                    ]
                ],
                "interior": []
            }
        },
        {
            "id": 750052270,
            "classId": 2957379,
            "description": "",
            "geometryType": "polygon",
            "labelerLogin": "Nishikant",
            "createdAt": "2021-06-16T11:21:38.134Z",
            "updatedAt": "2021-06-16T11:21:38.134Z",
            "tags": [
                {
                    "id": 122574687,
                    "tagId": 29184433,
                    "name": "Crosswalk",
                    "value": "White Hatched",
                    "labelerLogin": "Nishikant",
                    "createdAt": "2021-06-16T11:21:38.134Z",
                    "updatedAt": "2021-06-16T11:21:38.134Z"
                }
            ],
            "classTitle": "Crosswalk",
            "points": {
                "exterior": [
                    [
                        836,
                        270
                    ],
                    [
                        1017,
                        271
                    ],
                    [
                        1041,
                        285
                    ],
                    [
                        1042,
                        361
                    ],
                    [
                        993,
                        341
                    ],
                    [
                        861,
                        285
                    ],
                    [
                        834,
                        270
                    ]
                ],
                "interior": []
            }
        },
        {
            "id": 750052269,
            "classId": 2957379,
            "description": "",
            "geometryType": "polygon",
            "labelerLogin": "Nishikant",
            "createdAt": "2021-06-16T11:21:38.134Z",
            "updatedAt": "2021-06-16T11:21:38.134Z",
            "tags": [
                {
                    "id": 122574686,
                    "tagId": 29184433,
                    "name": "Crosswalk",
                    "value": "White Hatched",
                    "labelerLogin": "Nishikant",
                    "createdAt": "2021-06-16T11:21:38.134Z",
                    "updatedAt": "2021-06-16T11:21:38.134Z"
                }
            ],
            "classTitle": "Crosswalk",
            "points": {
                "exterior": [
                    [
                        306,
                        227
                    ],
                    [
                        358,
                        227
                    ],
                    [
                        410,
                        225
                    ],
                    [
                        437,
                        227
                    ],
                    [
                        481,
                        227
                    ],
                    [
                        537,
                        228
                    ],
                    [
                        592,
                        228
                    ],
                    [
                        661,
                        230
                    ],
                    [
                        727,
                        231
                    ],
                    [
                        783,
                        258
                    ],
                    [
                        686,
                        256
                    ],
                    [
                        614,
                        255
                    ],
                    [
                        516,
                        254
                    ],
                    [
                        417,
                        251
                    ],
                    [
                        208,
                        253
                    ]
                ],
                "interior": []
            }
        },
        {
            "id": 750052268,
            "classId": 2957379,
            "description": "",
            "geometryType": "polygon",
            "labelerLogin": "Nishikant",
            "createdAt": "2021-06-16T11:21:38.134Z",
            "updatedAt": "2021-06-16T11:21:38.134Z",
            "tags": [
                {
                    "id": 122574685,
                    "tagId": 29184433,
                    "name": "Crosswalk",
                    "value": "White Hatched",
                    "labelerLogin": "Nishikant",
                    "createdAt": "2021-06-16T11:21:38.134Z",
                    "updatedAt": "2021-06-16T11:21:38.134Z"
                }
            ],
            "classTitle": "Crosswalk",
            "points": {
                "exterior": [
                    [
                        44,
                        253
                    ],
                    [
                        156,
                        230
                    ],
                    [
                        206,
                        230
                    ],
                    [
                        209,
                        232
                    ],
                    [
                        213,
                        236
                    ],
                    [
                        220,
                        237
                    ],
                    [
                        223,
                        239
                    ],
                    [
                        236,
                        240
                    ],
                    [
                        248,
                        241
                    ],
                    [
                        254,
                        241
                    ],
                    [
                        216,
                        252
                    ],
                    [
                        176,
                        254
                    ],
                    [
                        111,
                        256
                    ],
                    [
                        53,
                        258
                    ]
                ],
                "interior": []
            }
        },
        {
            "id": 750052267,
            "classId": 2957382,
            "description": "",
            "geometryType": "polygon",
            "labelerLogin": "Nishikant",
            "createdAt": "2021-06-16T11:21:38.134Z",
            "updatedAt": "2021-06-16T11:21:38.134Z",
            "tags": [
                {
                    "id": 122574684,
                    "tagId": 29184432,
                    "name": "Travel Lane Direction",
                    "value": "Right",
                    "labelerLogin": "Nishikant",
                    "createdAt": "2021-06-16T11:21:38.134Z",
                    "updatedAt": "2021-06-16T11:21:38.134Z"
                }
            ],
            "classTitle": "Travel Lane",
            "points": {
                "exterior": [
                    [
                        397,
                        212
                    ],
                    [
                        503,
                        175
                    ],
                    [
                        535,
                        165
                    ],
                    [
                        554,
                        165
                    ],
                    [
                        549,
                        167
                    ],
                    [
                        545,
                        169
                    ],
                    [
                        536,
                        173
                    ],
                    [
                        510,
                        186
                    ],
                    [
                        457,
                        212
                    ]
                ],
                "interior": []
            }
        },
        {
            "id": 750052266,
            "classId": 2957382,
            "description": "",
            "geometryType": "polygon",
            "labelerLogin": "Nishikant",
            "createdAt": "2021-06-16T11:21:38.134Z",
            "updatedAt": "2021-06-16T11:21:38.134Z",
            "tags": [
                {
                    "id": 122574683,
                    "tagId": 29184432,
                    "name": "Travel Lane Direction",
                    "value": "Through",
                    "labelerLogin": "Nishikant",
                    "createdAt": "2021-06-16T11:21:38.134Z",
                    "updatedAt": "2021-06-16T11:21:38.134Z"
                }
            ],
            "classTitle": "Travel Lane",
            "points": {
                "exterior": [
                    [
                        265,
                        252
                    ],
                    [
                        485,
                        255
                    ],
                    [
                        682,
                        257
                    ],
                    [
                        782,
                        259
                    ],
                    [
                        817,
                        261
                    ],
                    [
                        859,
                        286
                    ],
                    [
                        1039,
                        364
                    ],
                    [
                        1042,
                        395
                    ],
                    [
                        1041,
                        589
                    ],
                    [
                        613,
                        590
                    ],
                    [
                        0,
                        589
                    ],
                    [
                        0,
                        328
                    ]
                ],
                "interior": []
            }
        },
        {
            "id": 750052265,
            "classId": 2957382,
            "description": "",
            "geometryType": "polygon",
            "labelerLogin": "Nishikant",
            "createdAt": "2021-06-16T11:21:38.134Z",
            "updatedAt": "2021-06-16T11:21:38.134Z",
            "tags": [
                {
                    "id": 122574682,
                    "tagId": 29184432,
                    "name": "Travel Lane Direction",
                    "value": "Through",
                    "labelerLogin": "Nishikant",
                    "createdAt": "2021-06-16T11:21:38.134Z",
                    "updatedAt": "2021-06-16T11:21:38.134Z"
                }
            ],
            "classTitle": "Travel Lane",
            "points": {
                "exterior": [
                    [
                        43,
                        253
                    ],
                    [
                        52,
                        258
                    ],
                    [
                        91,
                        257
                    ],
                    [
                        174,
                        254
                    ],
                    [
                        245,
                        253
                    ],
                    [
                        204,
                        265
                    ],
                    [
                        45,
                        309
                    ],
                    [
                        0,
                        321
                    ],
                    [
                        0,
                        260
                    ]
                ],
                "interior": []
            }
        },
        {
            "id": 750052264,
            "classId": 2957382,
            "description": "",
            "geometryType": "polygon",
            "labelerLogin": "Nishikant",
            "createdAt": "2021-06-16T11:21:38.134Z",
            "updatedAt": "2021-06-16T11:21:38.134Z",
            "tags": [
                {
                    "id": 122574681,
                    "tagId": 29184432,
                    "name": "Travel Lane Direction",
                    "value": "Through",
                    "labelerLogin": "Nishikant",
                    "createdAt": "2021-06-16T11:21:38.134Z",
                    "updatedAt": "2021-06-16T11:21:38.134Z"
                }
            ],
            "classTitle": "Travel Lane",
            "points": {
                "exterior": [
                    [
                        334,
                        195
                    ],
                    [
                        444,
                        173
                    ],
                    [
                        445,
                        179
                    ],
                    [
                        452,
                        182
                    ],
                    [
                        465,
                        180
                    ],
                    [
                        477,
                        178
                    ],
                    [
                        481,
                        172
                    ],
                    [
                        480,
                        168
                    ],
                    [
                        508,
                        163
                    ],
                    [
                        530,
                        164
                    ],
                    [
                        535,
                        164
                    ],
                    [
                        512,
                        171
                    ],
                    [
                        459,
                        188
                    ],
                    [
                        385,
                        212
                    ],
                    [
                        358,
                        213
                    ],
                    [
                        339,
                        213
                    ],
                    [
                        336,
                        213
                    ],
                    [
                        338,
                        204
                    ],
                    [
                        335,
                        196
                    ]
                ],
                "interior": []
            }
        },
        {
            "id": 750052263,
            "classId": 2957382,
            "description": "",
            "geometryType": "polygon",
            "labelerLogin": "Nishikant",
            "createdAt": "2021-06-16T11:21:38.134Z",
            "updatedAt": "2021-06-16T11:21:38.134Z",
            "tags": [
                {
                    "id": 122574680,
                    "tagId": 29184432,
                    "name": "Travel Lane Direction",
                    "value": "Through",
                    "labelerLogin": "Nishikant",
                    "createdAt": "2021-06-16T11:21:38.134Z",
                    "updatedAt": "2021-06-16T11:21:38.134Z"
                }
            ],
            "classTitle": "Travel Lane",
            "points": {
                "exterior": [
                    [
                        439,
                        226
                    ],
                    [
                        538,
                        175
                    ],
                    [
                        551,
                        169
                    ],
                    [
                        562,
                        164
                    ],
                    [
                        583,
                        164
                    ],
                    [
                        582,
                        173
                    ],
                    [
                        582,
                        179
                    ],
                    [
                        606,
                        179
                    ],
                    [
                        606,
                        176
                    ],
                    [
                        606,
                        167
                    ],
                    [
                        627,
                        165
                    ],
                    [
                        641,
                        171
                    ],
                    [
                        647,
                        176
                    ],
                    [
                        691,
                        204
                    ],
                    [
                        728,
                        230
                    ],
                    [
                        685,
                        230
                    ],
                    [
                        593,
                        227
                    ],
                    [
                        528,
                        228
                    ]
                ],
                "interior": []
            }
        },
        {
            "id": 750052262,
            "classId": 2957384,
            "description": "",
            "geometryType": "polygon",
            "labelerLogin": "Nishikant",
            "createdAt": "2021-06-16T11:21:38.134Z",
            "updatedAt": "2021-06-16T11:21:38.134Z",
            "tags": [
                {
                    "id": 122574679,
                    "tagId": 29184434,
                    "name": "Yellow Lane Marking",
                    "value": "Solid",
                    "labelerLogin": "Nishikant",
                    "createdAt": "2021-06-16T11:21:38.134Z",
                    "updatedAt": "2021-06-16T11:21:38.134Z"
                }
            ],
            "classTitle": "Lane Marking",
            "points": {
                "exterior": [
                    [
                        432,
                        226
                    ],
                    [
                        461,
                        212
                    ],
                    [
                        487,
                        199
                    ],
                    [
                        519,
                        183
                    ],
                    [
                        536,
                        174
                    ],
                    [
                        556,
                        165
                    ],
                    [
                        554,
                        165
                    ],
                    [
                        536,
                        173
                    ],
                    [
                        518,
                        182
                    ],
                    [
                        486,
                        198
                    ],
                    [
                        459,
                        211
                    ],
                    [
                        428,
                        226
                    ]
                ],
                "interior": []
            }
        },
        {
            "id": 750052261,
            "classId": 2957383,
            "description": "",
            "geometryType": "polygon",
            "labelerLogin": "Nishikant",
            "createdAt": "2021-06-16T11:21:38.134Z",
            "updatedAt": "2021-06-16T11:21:38.134Z",
            "tags": [
                {
                    "id": 122574678,
                    "tagId": 29184437,
                    "name": "Left Arrow",
                    "value": null,
                    "labelerLogin": "Nishikant",
                    "createdAt": "2021-06-16T11:21:38.134Z",
                    "updatedAt": "2021-06-16T11:21:38.134Z"
                }
            ],
            "classTitle": "Movement Marking",
            "points": {
                "exterior": [
                    [
                        467,
                        192
                    ],
                    [
                        464,
                        193
                    ],
                    [
                        467,
                        194
                    ],
                    [
                        471,
                        194
                    ],
                    [
                        473,
                        194
                    ],
                    [
                        475,
                        191
                    ],
                    [
                        483,
                        195
                    ],
                    [
                        483,
                        196
                    ],
                    [
                        473,
                        197
                    ],
                    [
                        460,
                        197
                    ],
                    [
                        461,
                        196
                    ],
                    [
                        465,
                        195
                    ],
                    [
                        461,
                        195
                    ],
                    [
                        457,
                        195
                    ],
                    [
                        456,
                        193
                    ],
                    [
                        460,
                        191
                    ],
                    [
                        465,
                        189
                    ]
                ],
                "interior": []
            }
        },
        {
            "id": 750052260,
            "classId": 2957384,
            "description": "",
            "geometryType": "polygon",
            "labelerLogin": "Nishikant",
            "createdAt": "2021-06-16T11:21:38.134Z",
            "updatedAt": "2021-06-16T11:21:38.134Z",
            "tags": [
                {
                    "id": 122574677,
                    "tagId": 29184434,
                    "name": "Yellow Lane Marking",
                    "value": "Hatched",
                    "labelerLogin": "Nishikant",
                    "createdAt": "2021-06-16T11:21:38.134Z",
                    "updatedAt": "2021-06-16T11:21:38.134Z"
                }
            ],
            "classTitle": "Lane Marking",
            "points": {
                "exterior": [
                    [
                        0,
                        324
                    ],
                    [
                        37,
                        314
                    ],
                    [
                        80,
                        302
                    ],
                    [
                        148,
                        283
                    ],
                    [
                        178,
                        274
                    ],
                    [
                        227,
                        260
                    ],
                    [
                        248,
                        254
                    ],
                    [
                        246,
                        253
                    ],
                    [
                        172,
                        274
                    ],
                    [
                        146,
                        281
                    ],
                    [
                        79,
                        300
                    ],
                    [
                        35,
                        312
                    ],
                    [
                        0,
                        321
                    ]
                ],
                "interior": []
            }
        },
        {
            "id": 750052259,
            "classId": 2957380,
            "description": "",
            "geometryType": "polygon",
            "labelerLogin": "Nishikant",
            "createdAt": "2021-06-16T11:21:38.134Z",
            "updatedAt": "2021-06-16T11:21:38.134Z",
            "tags": [
                {
                    "id": 122574676,
                    "tagId": 29184441,
                    "name": "Stop Bar",
                    "value": null,
                    "labelerLogin": "Nishikant",
                    "createdAt": "2021-06-16T11:21:38.134Z",
                    "updatedAt": "2021-06-16T11:21:38.134Z"
                }
            ],
            "classTitle": "Stop Bar",
            "points": {
                "exterior": [
                    [
                        335,
                        216
                    ],
                    [
                        350,
                        216
                    ],
                    [
                        366,
                        216
                    ],
                    [
                        394,
                        215
                    ],
                    [
                        413,
                        215
                    ],
                    [
                        451,
                        215
                    ],
                    [
                        457,
                        212
                    ],
                    [
                        430,
                        212
                    ],
                    [
                        409,
                        212
                    ],
                    [
                        391,
                        212
                    ],
                    [
                        368,
                        213
                    ],
                    [
                        354,
                        213
                    ],
                    [
                        336,
                        213
                    ],
                    [
                        334,
                        215
                    ]
                ],
                "interior": []
            }
        }
    ]
}