{
    "description": "",
    "tags": [
        {
            "id": 107912795,
            "tagId": 29184444,
            "name": "val",
            "value": null,
            "labelerLogin": "Nishikant",
            "createdAt": "2021-06-16T11:21:38.134Z",
            "updatedAt": "2021-06-16T11:21:38.134Z"
        }
    ],
    "size": {
        "height": 590,
        "width": 1042
    },
    "objects": [
        {
            "id": 750052258,
            "classId": 2957379,
            "description": "",
            "geometryType": "polygon",
            "labelerLogin": "Nishikant",
            "createdAt": "2021-06-16T11:21:38.134Z",
            "updatedAt": "2021-06-16T11:21:38.134Z",
            "tags": [
                {
                    "id": 122574675,
                    "tagId": 29184433,
                    "name": "Crosswalk",
                    "value": "White Hatched",
                    "labelerLogin": "Nishikant",
                    "createdAt": "2021-06-16T11:21:38.134Z",
                    "updatedAt": "2021-06-16T11:21:38.134Z"
                }
            ],
            "classTitle": "Crosswalk",
            "points": {
                "exterior": [
                    [
                        922,
                        331
                    ],
                    [
                        801,
                        268
                    ],
                    [
                        537,
                        263
                    ],
                    [
                        339,
                        262
                    ],
                    [
                        301,
                        264
                    ],
                    [
                        219,
                        265
                    ],
                    [
                        111,
                        264
                    ],
                    [
                        84,
                        279
                    ],
                    [
                        75,
                        289
                    ],
                    [
                        54,
                        298
                    ],
                    [
                        36,
                        297
                    ],
                    [
                        19,
                        304
                    ],
                    [
                        5,
                        308
                    ],
                    [
                        0,
                        317
                    ],
                    [
                        3,
                        327
                    ],
                    [
                        82,
                        332
                    ],
                    [
                        281,
                        330
                    ],
                    [
                        506,
                        334
                    ],
                    [
                        571,
                        338
                    ]
                ],
                "interior": []
            }
        },
        {
            "id": 750052257,
            "classId": 2957384,
            "description": "",
            "geometryType": "polygon",
            "labelerLogin": "Nishikant",
            "createdAt": "2021-06-16T11:21:38.134Z",
            "updatedAt": "2021-06-16T11:21:38.134Z",
            "tags": [
                {
                    "id": 122574674,
                    "tagId": 29184434,
                    "name": "Yellow Lane Marking",
                    "value": "Solid",
                    "labelerLogin": "Nishikant",
                    "createdAt": "2021-06-16T11:21:38.134Z",
                    "updatedAt": "2021-06-16T11:21:38.134Z"
                }
            ],
            "classTitle": "Lane Marking",
            "points": {
                "exterior": [
                    [
                        351,
                        262
                    ],
                    [
                        527,
                        177
                    ],
                    [
                        559,
                        164
                    ],
                    [
                        560,
                        164
                    ],
                    [
                        527,
                        178
                    ],
                    [
                        356,
                        262
                    ]
                ],
                "interior": []
            }
        },
        {
            "id": 750052256,
            "classId": 2957382,
            "description": "",
            "geometryType": "polygon",
            "labelerLogin": "Nishikant",
            "createdAt": "2021-06-16T11:21:38.134Z",
            "updatedAt": "2021-06-16T11:21:38.134Z",
            "tags": [
                {
                    "id": 122574673,
                    "tagId": 29184432,
                    "name": "Travel Lane Direction",
                    "value": "Through",
                    "labelerLogin": "Nishikant",
                    "createdAt": "2021-06-16T11:21:38.134Z",
                    "updatedAt": "2021-06-16T11:21:38.134Z"
                }
            ],
            "classTitle": "Travel Lane",
            "points": {
                "exterior": [
                    [
                        0,
                        329
                    ],
                    [
                        204,
                        332
                    ],
                    [
                        376,
                        334
                    ],
                    [
                        566,
                        337
                    ],
                    [
                        752,
                        338
                    ],
                    [
                        923,
                        335
                    ],
                    [
                        1039,
                        401
                    ],
                    [
                        1041,
                        484
                    ],
                    [
                        1041,
                        590
                    ],
                    [
                        488,
                        589
                    ],
                    [
                        2,
                        589
                    ]
                ],
                "interior": []
            }
        },
        {
            "id": 750052255,
            "classId": 2957382,
            "description": "",
            "geometryType": "polygon",
            "labelerLogin": "Nishikant",
            "createdAt": "2021-06-16T11:21:38.134Z",
            "updatedAt": "2021-06-16T11:21:38.134Z",
            "tags": [
                {
                    "id": 122574672,
                    "tagId": 29184432,
                    "name": "Travel Lane Direction",
                    "value": "Left",
                    "labelerLogin": "Nishikant",
                    "createdAt": "2021-06-16T11:21:38.134Z",
                    "updatedAt": "2021-06-16T11:21:38.134Z"
                }
            ],
            "classTitle": "Travel Lane",
            "points": {
                "exterior": [
                    [
                        321,
                        236
                    ],
                    [
                        488,
                        178
                    ],
                    [
                        516,
                        170
                    ],
                    [
                        529,
                        167
                    ],
                    [
                        551,
                        166
                    ],
                    [
                        531,
                        174
                    ],
                    [
                        523,
                        177
                    ],
                    [
                        504,
                        186
                    ],
                    [
                        457,
                        208
                    ],
                    [
                        402,
                        235
                    ]
                ],
                "interior": []
            }
        },
        {
            "id": 750052254,
            "classId": 2957382,
            "description": "",
            "geometryType": "polygon",
            "labelerLogin": "Nishikant",
            "createdAt": "2021-06-16T11:21:38.134Z",
            "updatedAt": "2021-06-16T11:21:38.134Z",
            "tags": [
                {
                    "id": 122574671,
                    "tagId": 29184432,
                    "name": "Travel Lane Direction",
                    "value": "Through",
                    "labelerLogin": "Nishikant",
                    "createdAt": "2021-06-16T11:21:38.134Z",
                    "updatedAt": "2021-06-16T11:21:38.134Z"
                }
            ],
            "classTitle": "Travel Lane",
            "points": {
                "exterior": [
                    [
                        425,
                        228
                    ],
                    [
                        529,
                        177
                    ],
                    [
                        560,
                        164
                    ],
                    [
                        582,
                        164
                    ],
                    [
                        583,
                        168
                    ],
                    [
                        582,
                        174
                    ],
                    [
                        584,
                        177
                    ],
                    [
                        604,
                        177
                    ],
                    [
                        607,
                        177
                    ],
                    [
                        607,
                        165
                    ],
                    [
                        628,
                        164
                    ],
                    [
                        636,
                        167
                    ],
                    [
                        647,
                        172
                    ],
                    [
                        655,
                        178
                    ],
                    [
                        670,
                        186
                    ],
                    [
                        691,
                        199
                    ],
                    [
                        729,
                        222
                    ],
                    [
                        766,
                        247
                    ],
                    [
                        797,
                        267
                    ],
                    [
                        356,
                        262
                    ]
                ],
                "interior": []
            }
        },
        {
            "id": 750052253,
            "classId": 2957382,
            "description": "",
            "geometryType": "polygon",
            "labelerLogin": "Nishikant",
            "createdAt": "2021-06-16T11:21:38.134Z",
            "updatedAt": "2021-06-16T11:21:38.134Z",
            "tags": [
                {
                    "id": 122574670,
                    "tagId": 29184432,
                    "name": "Travel Lane Direction",
                    "value": "Through",
                    "labelerLogin": "Nishikant",
                    "createdAt": "2021-06-16T11:21:38.134Z",
                    "updatedAt": "2021-06-16T11:21:38.134Z"
                }
            ],
            "classTitle": "Travel Lane",
            "points": {
                "exterior": [
                    [
                        112,
                        241
                    ],
                    [
                        289,
                        205
                    ],
                    [
                        379,
                        186
                    ],
                    [
                        381,
                        191
                    ],
                    [
                        384,
                        195
                    ],
                    [
                        387,
                        198
                    ],
                    [
                        408,
                        196
                    ],
                    [
                        435,
                        189
                    ],
                    [
                        436,
                        179
                    ],
                    [
                        436,
                        177
                    ],
                    [
                        458,
                        172
                    ],
                    [
                        484,
                        168
                    ],
                    [
                        508,
                        166
                    ],
                    [
                        520,
                        165
                    ],
                    [
                        528,
                        166
                    ],
                    [
                        484,
                        178
                    ],
                    [
                        420,
                        199
                    ],
                    [
                        350,
                        223
                    ],
                    [
                        310,
                        236
                    ],
                    [
                        212,
                        239
                    ],
                    [
                        195,
                        241
                    ],
                    [
                        126,
                        242
                    ],
                    [
                        111,
                        241
                    ]
                ],
                "interior": []
            }
        },
        {
            "id": 750052252,
            "classId": 2957384,
            "description": "",
            "geometryType": "polygon",
            "labelerLogin": "Nishikant",
            "createdAt": "2021-06-16T11:21:38.134Z",
            "updatedAt": "2021-06-16T11:21:38.134Z",
            "tags": [
                {
                    "id": 122574669,
                    "tagId": 29184434,
                    "name": "Yellow Lane Marking",
                    "value": "Solid",
                    "labelerLogin": "Nishikant",
                    "createdAt": "2021-06-16T11:21:38.134Z",
                    "updatedAt": "2021-06-16T11:21:38.134Z"
                }
            ],
            "classTitle": "Lane Marking",
            "points": {
                "exterior": [
                    [
                        349,
                        262
                    ],
                    [
                        388,
                        244
                    ],
                    [
                        433,
                        222
                    ],
                    [
                        453,
                        212
                    ],
                    [
                        499,
                        190
                    ],
                    [
                        524,
                        178
                    ],
                    [
                        526,
                        177
                    ],
                    [
                        534,
                        174
                    ],
                    [
                        543,
                        170
                    ],
                    [
                        558,
                        164
                    ],
                    [
                        556,
                        164
                    ],
                    [
                        543,
                        169
                    ],
                    [
                        526,
                        176
                    ],
                    [
                        523,
                        177
                    ],
                    [
                        498,
                        189
                    ],
                    [
                        451,
                        211
                    ],
                    [
                        433,
                        220
                    ],
                    [
                        385,
                        243
                    ],
                    [
                        343,
                        262
                    ]
                ],
                "interior": []
            }
        },
        {
            "id": 750052251,
            "classId": 2957383,
            "description": "",
            "geometryType": "polygon",
            "labelerLogin": "Nishikant",
            "createdAt": "2021-06-16T11:21:38.134Z",
            "updatedAt": "2021-06-16T11:21:38.134Z",
            "tags": [
                {
                    "id": 122574668,
                    "tagId": 29184437,
                    "name": "Left Arrow",
                    "value": null,
                    "labelerLogin": "Nishikant",
                    "createdAt": "2021-06-16T11:21:38.134Z",
                    "updatedAt": "2021-06-16T11:21:38.134Z"
                }
            ],
            "classTitle": "Movement Marking",
            "points": {
                "exterior": [
                    [
                        434,
                        201
                    ],
                    [
                        431,
                        203
                    ],
                    [
                        429,
                        204
                    ],
                    [
                        431,
                        205
                    ],
                    [
                        436,
                        205
                    ],
                    [
                        439,
                        205
                    ],
                    [
                        443,
                        201
                    ],
                    [
                        452,
                        207
                    ],
                    [
                        451,
                        208
                    ],
                    [
                        445,
                        209
                    ],
                    [
                        429,
                        210
                    ],
                    [
                        419,
                        210
                    ],
                    [
                        421,
                        209
                    ],
                    [
                        425,
                        208
                    ],
                    [
                        429,
                        208
                    ],
                    [
                        430,
                        207
                    ],
                    [
                        427,
                        207
                    ],
                    [
                        422,
                        207
                    ],
                    [
                        420,
                        207
                    ],
                    [
                        420,
                        205
                    ],
                    [
                        421,
                        203
                    ],
                    [
                        424,
                        202
                    ],
                    [
                        426,
                        201
                    ],
                    [
                        427,
                        201
                    ]
                ],
                "interior": []
            }
        },
        {
            "id": 750052250,
            "classId": 2957384,
            "description": "",
            "geometryType": "polygon",
            "labelerLogin": "Nishikant",
            "createdAt": "2021-06-16T11:21:38.134Z",
            "updatedAt": "2021-06-16T11:21:38.134Z",
            "tags": [
                {
                    "id": 122574667,
                    "tagId": 29184431,
                    "name": "White Lane Marking",
                    "value": "Solid",
                    "labelerLogin": "Nishikant",
                    "createdAt": "2021-06-16T11:21:38.134Z",
                    "updatedAt": "2021-06-16T11:21:38.134Z"
                }
            ],
            "classTitle": "Lane Marking",
            "points": {
                "exterior": [
                    [
                        314,
                        235
                    ],
                    [
                        363,
                        219
                    ],
                    [
                        376,
                        214
                    ],
                    [
                        420,
                        199
                    ],
                    [
                        464,
                        185
                    ],
                    [
                        484,
                        178
                    ],
                    [
                        513,
                        170
                    ],
                    [
                        528,
                        166
                    ],
                    [
                        529,
                        167
                    ],
                    [
                        513,
                        171
                    ],
                    [
                        485,
                        179
                    ],
                    [
                        465,
                        186
                    ],
                    [
                        427,
                        199
                    ],
                    [
                        378,
                        216
                    ],
                    [
                        320,
                        236
                    ],
                    [
                        313,
                        236
                    ]
                ],
                "interior": []
            }
        },
        {
            "id": 750052249,
            "classId": 2957380,
            "description": "",
            "geometryType": "polygon",
            "labelerLogin": "Nishikant",
            "createdAt": "2021-06-16T11:21:38.134Z",
            "updatedAt": "2021-06-16T11:21:38.134Z",
            "tags": [
                {
                    "id": 122574666,
                    "tagId": 29184441,
                    "name": "Stop Bar",
                    "value": null,
                    "labelerLogin": "Nishikant",
                    "createdAt": "2021-06-16T11:21:38.134Z",
                    "updatedAt": "2021-06-16T11:21:38.134Z"
                }
            ],
            "classTitle": "Stop Bar",
            "points": {
                "exterior": [
                    [
                        90,
                        246
                    ],
                    [
                        122,
                        246
                    ],
                    [
                        153,
                        246
                    ],
                    [
                        184,
                        245
                    ],
                    [
                        213,
                        244
                    ],
                    [
                        253,
                        242
                    ],
                    [
                        280,
                        242
                    ],
                    [
                        336,
                        241
                    ],
                    [
                        393,
                        239
                    ],
                    [
                        402,
                        235
                    ],
                    [
                        384,
                        235
                    ],
                    [
                        360,
                        235
                    ],
                    [
                        327,
                        236
                    ],
                    [
                        313,
                        236
                    ],
                    [
                        304,
                        236
                    ],
                    [
                        272,
                        237
                    ],
                    [
                        221,
                        239
                    ],
                    [
                        198,
                        239
                    ],
                    [
                        160,
                        241
                    ],
                    [
                        110,
                        241
                    ],
                    [
                        92,
                        244
                    ]
                ],
                "interior": []
            }
        }
    ]
}