{
    "description": "",
    "tags": [
        {
            "id": 107913190,
            "tagId": 29184444,
            "name": "val",
            "value": null,
            "labelerLogin": "Nishikant",
            "createdAt": "2021-06-16T11:21:38.134Z",
            "updatedAt": "2021-06-16T11:21:38.134Z"
        }
    ],
    "size": {
        "height": 590,
        "width": 1042
    },
    "objects": [
        {
            "id": 750056173,
            "classId": 2957382,
            "description": "",
            "geometryType": "polygon",
            "labelerLogin": "Nishikant",
            "createdAt": "2021-06-16T11:21:38.134Z",
            "updatedAt": "2021-06-16T11:21:38.134Z",
            "tags": [
                {
                    "id": 122578505,
                    "tagId": 29184432,
                    "name": "Travel Lane Direction",
                    "value": "Left",
                    "labelerLogin": "Nishikant",
                    "createdAt": "2021-06-16T11:21:38.134Z",
                    "updatedAt": "2021-06-16T11:21:38.134Z"
                }
            ],
            "classTitle": "Travel Lane",
            "points": {
                "exterior": [
                    [
                        0,
                        339
                    ],
                    [
                        236,
                        238
                    ],
                    [
                        339,
                        194
                    ],
                    [
                        358,
                        184
                    ],
                    [
                        380,
                        168
                    ],
                    [
                        384,
                        165
                    ],
                    [
                        398,
                        164
                    ],
                    [
                        400,
                        165
                    ],
                    [
                        400,
                        167
                    ],
                    [
                        396,
                        168
                    ],
                    [
                        394,
                        170
                    ],
                    [
                        393,
                        173
                    ],
                    [
                        395,
                        175
                    ],
                    [
                        389,
                        184
                    ],
                    [
                        381,
                        193
                    ],
                    [
                        368,
                        206
                    ],
                    [
                        334,
                        242
                    ],
                    [
                        1,
                        556
                    ]
                ],
                "interior": []
            }
        },
        {
            "id": 750056172,
            "classId": 2957382,
            "description": "",
            "geometryType": "polygon",
            "labelerLogin": "Nishikant",
            "createdAt": "2021-06-16T11:21:38.134Z",
            "updatedAt": "2021-06-16T11:21:38.134Z",
            "tags": [
                {
                    "id": 122578504,
                    "tagId": 29184432,
                    "name": "Travel Lane Direction",
                    "value": "Left",
                    "labelerLogin": "Nishikant",
                    "createdAt": "2021-06-16T11:21:38.134Z",
                    "updatedAt": "2021-06-16T11:21:38.134Z"
                }
            ],
            "classTitle": "Travel Lane",
            "points": {
                "exterior": [
                    [
                        0,
                        281
                    ],
                    [
                        152,
                        233
                    ],
                    [
                        282,
                        197
                    ],
                    [
                        331,
                        184
                    ],
                    [
                        367,
                        163
                    ],
                    [
                        370,
                        163
                    ],
                    [
                        384,
                        164
                    ],
                    [
                        374,
                        170
                    ],
                    [
                        357,
                        181
                    ],
                    [
                        349,
                        186
                    ],
                    [
                        339,
                        191
                    ],
                    [
                        285,
                        213
                    ],
                    [
                        219,
                        240
                    ],
                    [
                        149,
                        268
                    ],
                    [
                        0,
                        329
                    ]
                ],
                "interior": []
            }
        },
        {
            "id": 750056171,
            "classId": 2957382,
            "description": "",
            "geometryType": "polygon",
            "labelerLogin": "Nishikant",
            "createdAt": "2021-06-16T11:21:38.134Z",
            "updatedAt": "2021-06-16T11:21:38.134Z",
            "tags": [
                {
                    "id": 122578503,
                    "tagId": 29184432,
                    "name": "Travel Lane Direction",
                    "value": "Through",
                    "labelerLogin": "Nishikant",
                    "createdAt": "2021-06-16T11:21:38.134Z",
                    "updatedAt": "2021-06-16T11:21:38.134Z"
                }
            ],
            "classTitle": "Travel Lane",
            "points": {
                "exterior": [
                    [
                        1,
                        273
                    ],
                    [
                        1,
                        232
                    ],
                    [
                        195,
                        199
                    ],
                    [
                        208,
                        196
                    ],
                    [
                        240,
                        189
                    ],
                    [
                        272,
                        183
                    ],
                    [
                        325,
                        168
                    ],
                    [
                        332,
                        166
                    ],
                    [
                        335,
                        166
                    ],
                    [
                        335,
                        168
                    ],
                    [
                        335,
                        170
                    ],
                    [
                        336,
                        171
                    ],
                    [
                        339,
                        171
                    ],
                    [
                        344,
                        170
                    ],
                    [
                        346,
                        171
                    ],
                    [
                        349,
                        170
                    ],
                    [
                        351,
                        167
                    ],
                    [
                        351,
                        165
                    ],
                    [
                        354,
                        163
                    ],
                    [
                        362,
                        164
                    ],
                    [
                        363,
                        164
                    ],
                    [
                        357,
                        168
                    ],
                    [
                        330,
                        183
                    ],
                    [
                        284,
                        195
                    ],
                    [
                        131,
                        235
                    ],
                    [
                        0,
                        275
                    ],
                    [
                        0,
                        232
                    ]
                ],
                "interior": []
            }
        },
        {
            "id": 750056170,
            "classId": 2957382,
            "description": "",
            "geometryType": "polygon",
            "labelerLogin": "Nishikant",
            "createdAt": "2021-06-16T11:21:38.134Z",
            "updatedAt": "2021-06-16T11:21:38.134Z",
            "tags": [
                {
                    "id": 122578502,
                    "tagId": 29184432,
                    "name": "Travel Lane Direction",
                    "value": "Through",
                    "labelerLogin": "Nishikant",
                    "createdAt": "2021-06-16T11:21:38.134Z",
                    "updatedAt": "2021-06-16T11:21:38.134Z"
                }
            ],
            "classTitle": "Travel Lane",
            "points": {
                "exterior": [
                    [
                        6,
                        579
                    ],
                    [
                        340,
                        245
                    ],
                    [
                        374,
                        207
                    ],
                    [
                        394,
                        182
                    ],
                    [
                        395,
                        188
                    ],
                    [
                        411,
                        187
                    ],
                    [
                        414,
                        188
                    ],
                    [
                        415,
                        182
                    ],
                    [
                        414,
                        174
                    ],
                    [
                        413,
                        167
                    ],
                    [
                        413,
                        163
                    ],
                    [
                        429,
                        163
                    ],
                    [
                        436,
                        171
                    ],
                    [
                        464,
                        191
                    ],
                    [
                        510,
                        218
                    ],
                    [
                        591,
                        262
                    ],
                    [
                        736,
                        341
                    ],
                    [
                        882,
                        420
                    ],
                    [
                        1041,
                        491
                    ],
                    [
                        1041,
                        590
                    ],
                    [
                        0,
                        589
                    ]
                ],
                "interior": []
            }
        },
        {
            "id": 750056169,
            "classId": 2957384,
            "description": "",
            "geometryType": "polygon",
            "labelerLogin": "Nishikant",
            "createdAt": "2021-06-16T11:21:38.134Z",
            "updatedAt": "2021-06-16T11:21:38.134Z",
            "tags": [
                {
                    "id": 122578501,
                    "tagId": 29184431,
                    "name": "White Lane Marking",
                    "value": "Hatched",
                    "labelerLogin": "Nishikant",
                    "createdAt": "2021-06-16T11:21:38.134Z",
                    "updatedAt": "2021-06-16T11:21:38.134Z"
                }
            ],
            "classTitle": "Lane Marking",
            "points": {
                "exterior": [
                    [
                        325,
                        251
                    ],
                    [
                        383,
                        191
                    ],
                    [
                        394,
                        177
                    ],
                    [
                        394,
                        182
                    ],
                    [
                        373,
                        208
                    ],
                    [
                        332,
                        253
                    ],
                    [
                        117,
                        467
                    ],
                    [
                        0,
                        587
                    ],
                    [
                        0,
                        558
                    ]
                ],
                "interior": []
            }
        },
        {
            "id": 750056168,
            "classId": 2957384,
            "description": "",
            "geometryType": "polygon",
            "labelerLogin": "Nishikant",
            "createdAt": "2021-06-16T11:21:38.134Z",
            "updatedAt": "2021-06-16T11:21:38.134Z",
            "tags": [
                {
                    "id": 122578500,
                    "tagId": 29184434,
                    "name": "Yellow Lane Marking",
                    "value": "Solid",
                    "labelerLogin": "Nishikant",
                    "createdAt": "2021-06-16T11:21:38.134Z",
                    "updatedAt": "2021-06-16T11:21:38.134Z"
                }
            ],
            "classTitle": "Lane Marking",
            "points": {
                "exterior": [
                    [
                        0,
                        334
                    ],
                    [
                        179,
                        259
                    ],
                    [
                        251,
                        230
                    ],
                    [
                        313,
                        203
                    ],
                    [
                        338,
                        193
                    ],
                    [
                        356,
                        184
                    ],
                    [
                        363,
                        179
                    ],
                    [
                        376,
                        170
                    ],
                    [
                        385,
                        164
                    ],
                    [
                        386,
                        164
                    ],
                    [
                        376,
                        171
                    ],
                    [
                        362,
                        181
                    ],
                    [
                        358,
                        184
                    ],
                    [
                        343,
                        192
                    ],
                    [
                        316,
                        204
                    ],
                    [
                        246,
                        234
                    ],
                    [
                        177,
                        263
                    ],
                    [
                        0,
                        339
                    ]
                ],
                "interior": []
            }
        },
        {
            "id": 750056167,
            "classId": 2957379,
            "description": "",
            "geometryType": "polygon",
            "labelerLogin": "Nishikant",
            "createdAt": "2021-06-16T11:21:38.134Z",
            "updatedAt": "2021-06-16T11:21:38.134Z",
            "tags": [
                {
                    "id": 122578499,
                    "tagId": 29184433,
                    "name": "Crosswalk",
                    "value": "White Hatched",
                    "labelerLogin": "Nishikant",
                    "createdAt": "2021-06-16T11:21:38.134Z",
                    "updatedAt": "2021-06-16T11:21:38.134Z"
                }
            ],
            "classTitle": "Crosswalk",
            "points": {
                "exterior": [
                    [
                        317,
                        165
                    ],
                    [
                        328,
                        161
                    ],
                    [
                        337,
                        161
                    ],
                    [
                        329,
                        165
                    ]
                ],
                "interior": []
            }
        },
        {
            "id": 750056166,
            "classId": 2957379,
            "description": "",
            "geometryType": "polygon",
            "labelerLogin": "Nishikant",
            "createdAt": "2021-06-16T11:21:38.134Z",
            "updatedAt": "2021-06-16T11:21:38.134Z",
            "tags": [
                {
                    "id": 122578498,
                    "tagId": 29184433,
                    "name": "Crosswalk",
                    "value": "White Hatched",
                    "labelerLogin": "Nishikant",
                    "createdAt": "2021-06-16T11:21:38.134Z",
                    "updatedAt": "2021-06-16T11:21:38.134Z"
                }
            ],
            "classTitle": "Crosswalk",
            "points": {
                "exterior": [
                    [
                        366,
                        157
                    ],
                    [
                        398,
                        157
                    ],
                    [
                        399,
                        159
                    ],
                    [
                        366,
                        160
                    ]
                ],
                "interior": []
            }
        },
        {
            "id": 750056165,
            "classId": 2957384,
            "description": "",
            "geometryType": "polygon",
            "labelerLogin": "Nishikant",
            "createdAt": "2021-06-16T11:21:38.134Z",
            "updatedAt": "2021-06-16T11:21:38.134Z",
            "tags": [
                {
                    "id": 122578497,
                    "tagId": 29184431,
                    "name": "White Lane Marking",
                    "value": "Hatched",
                    "labelerLogin": "Nishikant",
                    "createdAt": "2021-06-16T11:21:38.134Z",
                    "updatedAt": "2021-06-16T11:21:38.134Z"
                }
            ],
            "classTitle": "Lane Marking",
            "points": {
                "exterior": [
                    [
                        338,
                        180
                    ],
                    [
                        360,
                        167
                    ],
                    [
                        365,
                        164
                    ],
                    [
                        365,
                        163
                    ],
                    [
                        357,
                        168
                    ],
                    [
                        330,
                        183
                    ],
                    [
                        326,
                        184
                    ],
                    [
                        319,
                        186
                    ],
                    [
                        311,
                        188
                    ],
                    [
                        303,
                        190
                    ],
                    [
                        257,
                        202
                    ],
                    [
                        223,
                        211
                    ],
                    [
                        116,
                        239
                    ],
                    [
                        52,
                        259
                    ],
                    [
                        33,
                        265
                    ],
                    [
                        0,
                        275
                    ],
                    [
                        0,
                        281
                    ],
                    [
                        51,
                        265
                    ],
                    [
                        88,
                        253
                    ],
                    [
                        152,
                        233
                    ],
                    [
                        226,
                        212
                    ],
                    [
                        304,
                        191
                    ],
                    [
                        323,
                        186
                    ],
                    [
                        327,
                        185
                    ],
                    [
                        331,
                        184
                    ],
                    [
                        336,
                        181
                    ]
                ],
                "interior": []
            }
        },
        {
            "id": 750056164,
            "classId": 2957384,
            "description": "",
            "geometryType": "polygon",
            "labelerLogin": "Nishikant",
            "createdAt": "2021-06-16T11:21:38.134Z",
            "updatedAt": "2021-06-16T11:21:38.134Z",
            "tags": [
                {
                    "id": 122578496,
                    "tagId": 29184434,
                    "name": "Yellow Lane Marking",
                    "value": "Solid",
                    "labelerLogin": "Nishikant",
                    "createdAt": "2021-06-16T11:21:38.134Z",
                    "updatedAt": "2021-06-16T11:21:38.134Z"
                }
            ],
            "classTitle": "Lane Marking",
            "points": {
                "exterior": [
                    [
                        0,
                        332
                    ],
                    [
                        38,
                        316
                    ],
                    [
                        72,
                        302
                    ],
                    [
                        107,
                        288
                    ],
                    [
                        136,
                        276
                    ],
                    [
                        156,
                        268
                    ],
                    [
                        189,
                        254
                    ],
                    [
                        214,
                        244
                    ],
                    [
                        241,
                        233
                    ],
                    [
                        271,
                        221
                    ],
                    [
                        291,
                        212
                    ],
                    [
                        311,
                        204
                    ],
                    [
                        335,
                        194
                    ],
                    [
                        340,
                        192
                    ],
                    [
                        349,
                        187
                    ],
                    [
                        351,
                        186
                    ],
                    [
                        355,
                        184
                    ],
                    [
                        367,
                        176
                    ],
                    [
                        385,
                        164
                    ],
                    [
                        384,
                        164
                    ],
                    [
                        365,
                        176
                    ],
                    [
                        355,
                        183
                    ],
                    [
                        351,
                        185
                    ],
                    [
                        339,
                        191
                    ],
                    [
                        310,
                        203
                    ],
                    [
                        271,
                        219
                    ],
                    [
                        239,
                        232
                    ],
                    [
                        189,
                        252
                    ],
                    [
                        104,
                        286
                    ],
                    [
                        38,
                        313
                    ],
                    [
                        0,
                        329
                    ]
                ],
                "interior": []
            }
        },
        {
            "id": 750056163,
            "classId": 2957383,
            "description": "",
            "geometryType": "polygon",
            "labelerLogin": "Nishikant",
            "createdAt": "2021-06-16T11:21:38.134Z",
            "updatedAt": "2021-06-16T11:21:38.134Z",
            "tags": [
                {
                    "id": 122578495,
                    "tagId": 29184440,
                    "name": "ONLY",
                    "value": null,
                    "labelerLogin": "Nishikant",
                    "createdAt": "2021-06-16T11:21:38.134Z",
                    "updatedAt": "2021-06-16T11:21:38.134Z"
                }
            ],
            "classTitle": "Movement Marking",
            "points": {
                "exterior": [
                    [
                        156,
                        282
                    ],
                    [
                        223,
                        280
                    ],
                    [
                        284,
                        278
                    ],
                    [
                        321,
                        251
                    ],
                    [
                        256,
                        253
                    ],
                    [
                        194,
                        256
                    ],
                    [
                        157,
                        276
                    ],
                    [
                        148,
                        281
                    ]
                ],
                "interior": []
            }
        },
        {
            "id": 750056162,
            "classId": 2957383,
            "description": "",
            "geometryType": "polygon",
            "labelerLogin": "Nishikant",
            "createdAt": "2021-06-16T11:21:38.134Z",
            "updatedAt": "2021-06-16T11:21:38.134Z",
            "tags": [
                {
                    "id": 122578494,
                    "tagId": 29184437,
                    "name": "Left Arrow",
                    "value": null,
                    "labelerLogin": "Nishikant",
                    "createdAt": "2021-06-16T11:21:38.134Z",
                    "updatedAt": "2021-06-16T11:21:38.134Z"
                }
            ],
            "classTitle": "Movement Marking",
            "points": {
                "exterior": [
                    [
                        307,
                        238
                    ],
                    [
                        309,
                        235
                    ],
                    [
                        308,
                        234
                    ],
                    [
                        307,
                        234
                    ],
                    [
                        303,
                        234
                    ],
                    [
                        287,
                        233
                    ],
                    [
                        279,
                        233
                    ],
                    [
                        278,
                        234
                    ],
                    [
                        276,
                        236
                    ],
                    [
                        262,
                        235
                    ],
                    [
                        253,
                        233
                    ],
                    [
                        254,
                        232
                    ],
                    [
                        283,
                        228
                    ],
                    [
                        290,
                        227
                    ],
                    [
                        287,
                        229
                    ],
                    [
                        286,
                        230
                    ],
                    [
                        295,
                        230
                    ],
                    [
                        304,
                        230
                    ],
                    [
                        312,
                        231
                    ],
                    [
                        316,
                        231
                    ],
                    [
                        319,
                        232
                    ],
                    [
                        320,
                        234
                    ],
                    [
                        319,
                        236
                    ],
                    [
                        315,
                        240
                    ],
                    [
                        308,
                        240
                    ],
                    [
                        308,
                        240
                    ],
                    [
                        305,
                        240
                    ]
                ],
                "interior": []
            }
        },
        {
            "id": 750056161,
            "classId": 2957383,
            "description": "",
            "geometryType": "polygon",
            "labelerLogin": "Nishikant",
            "createdAt": "2021-06-16T11:21:38.134Z",
            "updatedAt": "2021-06-16T11:21:38.134Z",
            "tags": [
                {
                    "id": 122578493,
                    "tagId": 29184440,
                    "name": "ONLY",
                    "value": null,
                    "labelerLogin": "Nishikant",
                    "createdAt": "2021-06-16T11:21:38.134Z",
                    "updatedAt": "2021-06-16T11:21:38.134Z"
                }
            ],
            "classTitle": "Movement Marking",
            "points": {
                "exterior": [
                    [
                        339,
                        195
                    ],
                    [
                        374,
                        196
                    ],
                    [
                        380,
                        191
                    ],
                    [
                        345,
                        191
                    ],
                    [
                        337,
                        195
                    ]
                ],
                "interior": []
            }
        },
        {
            "id": 750056160,
            "classId": 2957383,
            "description": "",
            "geometryType": "polygon",
            "labelerLogin": "Nishikant",
            "createdAt": "2021-06-16T11:21:38.134Z",
            "updatedAt": "2021-06-16T11:21:38.134Z",
            "tags": [
                {
                    "id": 122578492,
                    "tagId": 29184437,
                    "name": "Left Arrow",
                    "value": null,
                    "labelerLogin": "Nishikant",
                    "createdAt": "2021-06-16T11:21:38.134Z",
                    "updatedAt": "2021-06-16T11:21:38.134Z"
                }
            ],
            "classTitle": "Movement Marking",
            "points": {
                "exterior": [
                    [
                        147,
                        246
                    ],
                    [
                        139,
                        249
                    ],
                    [
                        135,
                        251
                    ],
                    [
                        140,
                        252
                    ],
                    [
                        147,
                        252
                    ],
                    [
                        153,
                        252
                    ],
                    [
                        165,
                        246
                    ],
                    [
                        184,
                        253
                    ],
                    [
                        116,
                        264
                    ],
                    [
                        113,
                        262
                    ],
                    [
                        138,
                        256
                    ],
                    [
                        130,
                        256
                    ],
                    [
                        121,
                        256
                    ],
                    [
                        115,
                        256
                    ],
                    [
                        113,
                        255
                    ],
                    [
                        113,
                        253
                    ],
                    [
                        120,
                        250
                    ],
                    [
                        129,
                        247
                    ],
                    [
                        134,
                        246
                    ],
                    [
                        140,
                        244
                    ]
                ],
                "interior": []
            }
        },
        {
            "id": 750056159,
            "classId": 2957383,
            "description": "",
            "geometryType": "polygon",
            "labelerLogin": "Nishikant",
            "createdAt": "2021-06-16T11:21:38.134Z",
            "updatedAt": "2021-06-16T11:21:38.134Z",
            "tags": [
                {
                    "id": 122578491,
                    "tagId": 29184440,
                    "name": "ONLY",
                    "value": null,
                    "labelerLogin": "Nishikant",
                    "createdAt": "2021-06-16T11:21:38.134Z",
                    "updatedAt": "2021-06-16T11:21:38.134Z"
                }
            ],
            "classTitle": "Movement Marking",
            "points": {
                "exterior": [
                    [
                        144,
                        238
                    ],
                    [
                        192,
                        237
                    ],
                    [
                        226,
                        235
                    ],
                    [
                        248,
                        225
                    ],
                    [
                        187,
                        225
                    ]
                ],
                "interior": []
            }
        }
    ]
}