{
    "description": "",
    "tags": [
        {
            "id": 107912791,
            "tagId": 29184443,
            "name": "train",
            "value": null,
            "labelerLogin": "Nishikant",
            "createdAt": "2021-06-16T11:21:38.134Z",
            "updatedAt": "2021-06-16T11:21:38.134Z"
        }
    ],
    "size": {
        "height": 590,
        "width": 1042
    },
    "objects": [
        {
            "id": 750052349,
            "classId": 2957384,
            "description": "",
            "geometryType": "polygon",
            "labelerLogin": "Nishikant",
            "createdAt": "2021-06-16T11:21:38.134Z",
            "updatedAt": "2021-06-16T11:21:38.134Z",
            "tags": [
                {
                    "id": 122574766,
                    "tagId": 29184434,
                    "name": "Yellow Lane Marking",
                    "value": "Hatched",
                    "labelerLogin": "Nishikant",
                    "createdAt": "2021-06-16T11:21:38.134Z",
                    "updatedAt": "2021-06-16T11:21:38.134Z"
                }
            ],
            "classTitle": "Lane Marking",
            "points": {
                "exterior": [
                    [
                        0,
                        351
                    ],
                    [
                        325,
                        208
                    ],
                    [
                        334,
                        211
                    ],
                    [
                        0,
                        361
                    ]
                ],
                "interior": []
            }
        },
        {
            "id": 750052348,
            "classId": 2957384,
            "description": "",
            "geometryType": "polygon",
            "labelerLogin": "Nishikant",
            "createdAt": "2021-06-16T11:21:38.134Z",
            "updatedAt": "2021-06-16T11:21:38.134Z",
            "tags": [
                {
                    "id": 122574765,
                    "tagId": 29184434,
                    "name": "Yellow Lane Marking",
                    "value": "Solid",
                    "labelerLogin": "Nishikant",
                    "createdAt": "2021-06-16T11:21:38.134Z",
                    "updatedAt": "2021-06-16T11:21:38.134Z"
                }
            ],
            "classTitle": "Lane Marking",
            "points": {
                "exterior": [
                    [
                        402,
                        198
                    ],
                    [
                        438,
                        173
                    ],
                    [
                        450,
                        165
                    ],
                    [
                        451,
                        165
                    ],
                    [
                        440,
                        173
                    ],
                    [
                        405,
                        198
                    ]
                ],
                "interior": []
            }
        },
        {
            "id": 750052347,
            "classId": 2957384,
            "description": "",
            "geometryType": "polygon",
            "labelerLogin": "Nishikant",
            "createdAt": "2021-06-16T11:21:38.134Z",
            "updatedAt": "2021-06-16T11:21:38.134Z",
            "tags": [
                {
                    "id": 122574764,
                    "tagId": 29184431,
                    "name": "White Lane Marking",
                    "value": "Solid",
                    "labelerLogin": "Nishikant",
                    "createdAt": "2021-06-16T11:21:38.134Z",
                    "updatedAt": "2021-06-16T11:21:38.134Z"
                }
            ],
            "classTitle": "Lane Marking",
            "points": {
                "exterior": [
                    [
                        367,
                        195
                    ],
                    [
                        411,
                        174
                    ],
                    [
                        412,
                        175
                    ],
                    [
                        371,
                        195
                    ]
                ],
                "interior": []
            }
        },
        {
            "id": 750052346,
            "classId": 2957384,
            "description": "",
            "geometryType": "polygon",
            "labelerLogin": "Nishikant",
            "createdAt": "2021-06-16T11:21:38.134Z",
            "updatedAt": "2021-06-16T11:21:38.134Z",
            "tags": [
                {
                    "id": 122574763,
                    "tagId": 29184434,
                    "name": "Yellow Lane Marking",
                    "value": "Solid",
                    "labelerLogin": "Nishikant",
                    "createdAt": "2021-06-16T11:21:38.134Z",
                    "updatedAt": "2021-06-16T11:21:38.134Z"
                }
            ],
            "classTitle": "Lane Marking",
            "points": {
                "exterior": [
                    [
                        704,
                        215
                    ],
                    [
                        886,
                        201
                    ],
                    [
                        887,
                        203
                    ],
                    [
                        708,
                        216
                    ]
                ],
                "interior": []
            }
        },
        {
            "id": 750052345,
            "classId": 2957384,
            "description": "",
            "geometryType": "polygon",
            "labelerLogin": "Nishikant",
            "createdAt": "2021-06-16T11:21:38.134Z",
            "updatedAt": "2021-06-16T11:21:38.134Z",
            "tags": [
                {
                    "id": 122574762,
                    "tagId": 29184431,
                    "name": "White Lane Marking",
                    "value": "Hatched",
                    "labelerLogin": "Nishikant",
                    "createdAt": "2021-06-16T11:21:38.134Z",
                    "updatedAt": "2021-06-16T11:21:38.134Z"
                }
            ],
            "classTitle": "Lane Marking",
            "points": {
                "exterior": [
                    [
                        737,
                        225
                    ],
                    [
                        885,
                        210
                    ],
                    [
                        885,
                        212
                    ],
                    [
                        746,
                        227
                    ]
                ],
                "interior": []
            }
        },
        {
            "id": 750052344,
            "classId": 2957379,
            "description": "",
            "geometryType": "polygon",
            "labelerLogin": "Nishikant",
            "createdAt": "2021-06-16T11:21:38.134Z",
            "updatedAt": "2021-06-16T11:21:38.134Z",
            "tags": [
                {
                    "id": 122574761,
                    "tagId": 29184433,
                    "name": "Crosswalk",
                    "value": "White Hatched",
                    "labelerLogin": "Nishikant",
                    "createdAt": "2021-06-16T11:21:38.134Z",
                    "updatedAt": "2021-06-16T11:21:38.134Z"
                }
            ],
            "classTitle": "Crosswalk",
            "points": {
                "exterior": [
                    [
                        0,
                        394
                    ],
                    [
                        147,
                        373
                    ],
                    [
                        310,
                        352
                    ],
                    [
                        443,
                        337
                    ],
                    [
                        597,
                        308
                    ],
                    [
                        714,
                        293
                    ],
                    [
                        888,
                        398
                    ],
                    [
                        682,
                        453
                    ],
                    [
                        152,
                        589
                    ],
                    [
                        0,
                        589
                    ]
                ],
                "interior": []
            }
        },
        {
            "id": 750052343,
            "classId": 2957379,
            "description": "",
            "geometryType": "polygon",
            "labelerLogin": "Nishikant",
            "createdAt": "2021-06-16T11:21:38.134Z",
            "updatedAt": "2021-06-16T11:21:38.134Z",
            "tags": [
                {
                    "id": 122574760,
                    "tagId": 29184433,
                    "name": "Crosswalk",
                    "value": "White Hatched",
                    "labelerLogin": "Nishikant",
                    "createdAt": "2021-06-16T11:21:38.134Z",
                    "updatedAt": "2021-06-16T11:21:38.134Z"
                }
            ],
            "classTitle": "Crosswalk",
            "points": {
                "exterior": [
                    [
                        719,
                        277
                    ],
                    [
                        577,
                        205
                    ],
                    [
                        658,
                        205
                    ],
                    [
                        722,
                        220
                    ],
                    [
                        740,
                        225
                    ],
                    [
                        786,
                        239
                    ],
                    [
                        855,
                        264
                    ]
                ],
                "interior": []
            }
        },
        {
            "id": 750052342,
            "classId": 2957379,
            "description": "",
            "geometryType": "polygon",
            "labelerLogin": "Nishikant",
            "createdAt": "2021-06-16T11:21:38.134Z",
            "updatedAt": "2021-06-16T11:21:38.134Z",
            "tags": [
                {
                    "id": 122574759,
                    "tagId": 29184433,
                    "name": "Crosswalk",
                    "value": "White Hatched",
                    "labelerLogin": "Nishikant",
                    "createdAt": "2021-06-16T11:21:38.134Z",
                    "updatedAt": "2021-06-16T11:21:38.134Z"
                }
            ],
            "classTitle": "Crosswalk",
            "points": {
                "exterior": [
                    [
                        239,
                        208
                    ],
                    [
                        269,
                        207
                    ],
                    [
                        300,
                        204
                    ],
                    [
                        328,
                        203
                    ],
                    [
                        377,
                        200
                    ],
                    [
                        404,
                        198
                    ],
                    [
                        443,
                        198
                    ],
                    [
                        470,
                        198
                    ],
                    [
                        480,
                        197
                    ],
                    [
                        495,
                        196
                    ],
                    [
                        517,
                        196
                    ],
                    [
                        548,
                        196
                    ],
                    [
                        563,
                        203
                    ],
                    [
                        409,
                        206
                    ],
                    [
                        375,
                        207
                    ],
                    [
                        344,
                        209
                    ],
                    [
                        310,
                        212
                    ],
                    [
                        275,
                        214
                    ],
                    [
                        237,
                        216
                    ],
                    [
                        219,
                        218
                    ],
                    [
                        217,
                        213
                    ]
                ],
                "interior": []
            }
        },
        {
            "id": 750052341,
            "classId": 2957379,
            "description": "",
            "geometryType": "polygon",
            "labelerLogin": "Nishikant",
            "createdAt": "2021-06-16T11:21:38.134Z",
            "updatedAt": "2021-06-16T11:21:38.134Z",
            "tags": [
                {
                    "id": 122574758,
                    "tagId": 29184433,
                    "name": "Crosswalk",
                    "value": "White Hatched",
                    "labelerLogin": "Nishikant",
                    "createdAt": "2021-06-16T11:21:38.134Z",
                    "updatedAt": "2021-06-16T11:21:38.134Z"
                }
            ],
            "classTitle": "Crosswalk",
            "points": {
                "exterior": [
                    [
                        12,
                        251
                    ],
                    [
                        128,
                        232
                    ],
                    [
                        128,
                        226
                    ],
                    [
                        15,
                        243
                    ],
                    [
                        0,
                        245
                    ],
                    [
                        0,
                        253
                    ]
                ],
                "interior": []
            }
        },
        {
            "id": 750052340,
            "classId": 2957382,
            "description": "",
            "geometryType": "polygon",
            "labelerLogin": "Nishikant",
            "createdAt": "2021-06-16T11:21:38.134Z",
            "updatedAt": "2021-06-16T11:21:38.134Z",
            "tags": [
                {
                    "id": 122574757,
                    "tagId": 29184432,
                    "name": "Travel Lane Direction",
                    "value": "Left",
                    "labelerLogin": "Nishikant",
                    "createdAt": "2021-06-16T11:21:38.134Z",
                    "updatedAt": "2021-06-16T11:21:38.134Z"
                }
            ],
            "classTitle": "Travel Lane",
            "points": {
                "exterior": [
                    [
                        371,
                        195
                    ],
                    [
                        412,
                        175
                    ],
                    [
                        433,
                        166
                    ],
                    [
                        436,
                        165
                    ],
                    [
                        450,
                        165
                    ],
                    [
                        438,
                        173
                    ],
                    [
                        421,
                        185
                    ],
                    [
                        408,
                        194
                    ]
                ],
                "interior": []
            }
        },
        {
            "id": 750052339,
            "classId": 2957382,
            "description": "",
            "geometryType": "polygon",
            "labelerLogin": "Nishikant",
            "createdAt": "2021-06-16T11:21:38.134Z",
            "updatedAt": "2021-06-16T11:21:38.134Z",
            "tags": [
                {
                    "id": 122574756,
                    "tagId": 29184432,
                    "name": "Travel Lane Direction",
                    "value": "Through",
                    "labelerLogin": "Nishikant",
                    "createdAt": "2021-06-16T11:21:38.134Z",
                    "updatedAt": "2021-06-16T11:21:38.134Z"
                }
            ],
            "classTitle": "Travel Lane",
            "points": {
                "exterior": [
                    [
                        408,
                        198
                    ],
                    [
                        451,
                        166
                    ],
                    [
                        453,
                        165
                    ],
                    [
                        468,
                        165
                    ],
                    [
                        469,
                        165
                    ],
                    [
                        469,
                        166
                    ],
                    [
                        471,
                        166
                    ],
                    [
                        472,
                        164
                    ],
                    [
                        478,
                        164
                    ],
                    [
                        478,
                        166
                    ],
                    [
                        479,
                        166
                    ],
                    [
                        481,
                        166
                    ],
                    [
                        481,
                        164
                    ],
                    [
                        483,
                        165
                    ],
                    [
                        482,
                        167
                    ],
                    [
                        482,
                        169
                    ],
                    [
                        483,
                        171
                    ],
                    [
                        479,
                        171
                    ],
                    [
                        469,
                        171
                    ],
                    [
                        468,
                        171
                    ],
                    [
                        468,
                        173
                    ],
                    [
                        468,
                        175
                    ],
                    [
                        466,
                        175
                    ],
                    [
                        466,
                        176
                    ],
                    [
                        466,
                        178
                    ],
                    [
                        468,
                        178
                    ],
                    [
                        468,
                        179
                    ],
                    [
                        467,
                        181
                    ],
                    [
                        466,
                        182
                    ],
                    [
                        466,
                        196
                    ],
                    [
                        466,
                        198
                    ]
                ],
                "interior": []
            }
        },
        {
            "id": 750052338,
            "classId": 2957382,
            "description": "",
            "geometryType": "polygon",
            "labelerLogin": "Nishikant",
            "createdAt": "2021-06-16T11:21:38.134Z",
            "updatedAt": "2021-06-16T11:21:38.134Z",
            "tags": [
                {
                    "id": 122574755,
                    "tagId": 29184432,
                    "name": "Travel Lane Direction",
                    "value": "Through",
                    "labelerLogin": "Nishikant",
                    "createdAt": "2021-06-16T11:21:38.134Z",
                    "updatedAt": "2021-06-16T11:21:38.134Z"
                }
            ],
            "classTitle": "Travel Lane",
            "points": {
                "exterior": [
                    [
                        495,
                        165
                    ],
                    [
                        507,
                        165
                    ],
                    [
                        516,
                        171
                    ],
                    [
                        532,
                        183
                    ],
                    [
                        547,
                        196
                    ],
                    [
                        527,
                        196
                    ],
                    [
                        491,
                        196
                    ],
                    [
                        491,
                        191
                    ],
                    [
                        491,
                        185
                    ],
                    [
                        491,
                        183
                    ],
                    [
                        490,
                        182
                    ],
                    [
                        490,
                        178
                    ],
                    [
                        491,
                        178
                    ],
                    [
                        491,
                        175
                    ],
                    [
                        488,
                        175
                    ],
                    [
                        488,
                        172
                    ],
                    [
                        491,
                        172
                    ],
                    [
                        494,
                        172
                    ],
                    [
                        494,
                        170
                    ],
                    [
                        494,
                        165
                    ]
                ],
                "interior": []
            }
        },
        {
            "id": 750052337,
            "classId": 2957382,
            "description": "",
            "geometryType": "polygon",
            "labelerLogin": "Nishikant",
            "createdAt": "2021-06-16T11:21:38.134Z",
            "updatedAt": "2021-06-16T11:21:38.134Z",
            "tags": [
                {
                    "id": 122574754,
                    "tagId": 29184432,
                    "name": "Travel Lane Direction",
                    "value": "Through",
                    "labelerLogin": "Nishikant",
                    "createdAt": "2021-06-16T11:21:38.134Z",
                    "updatedAt": "2021-06-16T11:21:38.134Z"
                }
            ],
            "classTitle": "Travel Lane",
            "points": {
                "exterior": [
                    [
                        419,
                        165
                    ],
                    [
                        434,
                        165
                    ],
                    [
                        411,
                        174
                    ],
                    [
                        392,
                        183
                    ],
                    [
                        388,
                        185
                    ],
                    [
                        367,
                        195
                    ],
                    [
                        342,
                        197
                    ],
                    [
                        307,
                        199
                    ],
                    [
                        266,
                        201
                    ],
                    [
                        267,
                        199
                    ],
                    [
                        305,
                        190
                    ],
                    [
                        334,
                        182
                    ],
                    [
                        338,
                        181
                    ],
                    [
                        338,
                        184
                    ],
                    [
                        338,
                        188
                    ],
                    [
                        339,
                        192
                    ],
                    [
                        341,
                        193
                    ],
                    [
                        346,
                        193
                    ],
                    [
                        352,
                        193
                    ],
                    [
                        356,
                        193
                    ],
                    [
                        360,
                        193
                    ],
                    [
                        363,
                        192
                    ],
                    [
                        364,
                        190
                    ],
                    [
                        367,
                        188
                    ],
                    [
                        370,
                        188
                    ],
                    [
                        371,
                        186
                    ],
                    [
                        370,
                        182
                    ],
                    [
                        370,
                        178
                    ],
                    [
                        368,
                        175
                    ],
                    [
                        367,
                        174
                    ],
                    [
                        377,
                        171
                    ],
                    [
                        388,
                        168
                    ],
                    [
                        402,
                        166
                    ],
                    [
                        403,
                        168
                    ],
                    [
                        403,
                        170
                    ],
                    [
                        404,
                        171
                    ],
                    [
                        407,
                        171
                    ],
                    [
                        415,
                        170
                    ],
                    [
                        417,
                        170
                    ],
                    [
                        419,
                        168
                    ],
                    [
                        418,
                        165
                    ]
                ],
                "interior": []
            }
        },
        {
            "id": 750052336,
            "classId": 2957382,
            "description": "",
            "geometryType": "polygon",
            "labelerLogin": "Nishikant",
            "createdAt": "2021-06-16T11:21:38.134Z",
            "updatedAt": "2021-06-16T11:21:38.134Z",
            "tags": [
                {
                    "id": 122574753,
                    "tagId": 29184432,
                    "name": "Travel Lane Direction",
                    "value": "Through",
                    "labelerLogin": "Nishikant",
                    "createdAt": "2021-06-16T11:21:38.134Z",
                    "updatedAt": "2021-06-16T11:21:38.134Z"
                }
            ],
            "classTitle": "Travel Lane",
            "points": {
                "exterior": [
                    [
                        93,
                        380
                    ],
                    [
                        351,
                        236
                    ],
                    [
                        394,
                        208
                    ],
                    [
                        577,
                        204
                    ],
                    [
                        616,
                        226
                    ],
                    [
                        683,
                        260
                    ],
                    [
                        735,
                        289
                    ],
                    [
                        621,
                        305
                    ],
                    [
                        436,
                        336
                    ]
                ],
                "interior": []
            }
        },
        {
            "id": 750052335,
            "classId": 2957382,
            "description": "",
            "geometryType": "polygon",
            "labelerLogin": "Nishikant",
            "createdAt": "2021-06-16T11:21:38.134Z",
            "updatedAt": "2021-06-16T11:21:38.134Z",
            "tags": [
                {
                    "id": 122574752,
                    "tagId": 29184432,
                    "name": "Travel Lane Direction",
                    "value": "Through",
                    "labelerLogin": "Nishikant",
                    "createdAt": "2021-06-16T11:21:38.134Z",
                    "updatedAt": "2021-06-16T11:21:38.134Z"
                }
            ],
            "classTitle": "Travel Lane",
            "points": {
                "exterior": [
                    [
                        0,
                        253
                    ],
                    [
                        129,
                        232
                    ],
                    [
                        131,
                        237
                    ],
                    [
                        138,
                        239
                    ],
                    [
                        143,
                        237
                    ],
                    [
                        153,
                        239
                    ],
                    [
                        160,
                        242
                    ],
                    [
                        166,
                        244
                    ],
                    [
                        171,
                        241
                    ],
                    [
                        206,
                        237
                    ],
                    [
                        215,
                        237
                    ],
                    [
                        221,
                        235
                    ],
                    [
                        223,
                        230
                    ],
                    [
                        220,
                        218
                    ],
                    [
                        238,
                        218
                    ],
                    [
                        262,
                        215
                    ],
                    [
                        297,
                        214
                    ],
                    [
                        321,
                        211
                    ],
                    [
                        305,
                        217
                    ],
                    [
                        282,
                        227
                    ],
                    [
                        190,
                        267
                    ],
                    [
                        0,
                        353
                    ]
                ],
                "interior": []
            }
        },
        {
            "id": 750052334,
            "classId": 2957382,
            "description": "",
            "geometryType": "polygon",
            "labelerLogin": "Nishikant",
            "createdAt": "2021-06-16T11:21:38.134Z",
            "updatedAt": "2021-06-16T11:21:38.134Z",
            "tags": [
                {
                    "id": 122574751,
                    "tagId": 29184432,
                    "name": "Travel Lane Direction",
                    "value": "Through",
                    "labelerLogin": "Nishikant",
                    "createdAt": "2021-06-16T11:21:38.134Z",
                    "updatedAt": "2021-06-16T11:21:38.134Z"
                }
            ],
            "classTitle": "Travel Lane",
            "points": {
                "exterior": [
                    [
                        334,
                        211
                    ],
                    [
                        388,
                        207
                    ],
                    [
                        342,
                        231
                    ],
                    [
                        263,
                        274
                    ],
                    [
                        154,
                        332
                    ],
                    [
                        80,
                        369
                    ],
                    [
                        36,
                        391
                    ],
                    [
                        5,
                        392
                    ],
                    [
                        0,
                        391
                    ],
                    [
                        0,
                        369
                    ],
                    [
                        1,
                        363
                    ],
                    [
                        1,
                        360
                    ]
                ],
                "interior": []
            }
        },
        {
            "id": 750052333,
            "classId": 2957382,
            "description": "",
            "geometryType": "polygon",
            "labelerLogin": "Nishikant",
            "createdAt": "2021-06-16T11:21:38.134Z",
            "updatedAt": "2021-06-16T11:21:38.134Z",
            "tags": [
                {
                    "id": 122574750,
                    "tagId": 29184432,
                    "name": "Travel Lane Direction",
                    "value": "Through",
                    "labelerLogin": "Nishikant",
                    "createdAt": "2021-06-16T11:21:38.134Z",
                    "updatedAt": "2021-06-16T11:21:38.134Z"
                }
            ],
            "classTitle": "Travel Lane",
            "points": {
                "exterior": [
                    [
                        156,
                        589
                    ],
                    [
                        894,
                        397
                    ],
                    [
                        1034,
                        500
                    ],
                    [
                        1042,
                        589
                    ]
                ],
                "interior": []
            }
        },
        {
            "id": 750052332,
            "classId": 2957382,
            "description": "",
            "geometryType": "polygon",
            "labelerLogin": "Nishikant",
            "createdAt": "2021-06-16T11:21:38.134Z",
            "updatedAt": "2021-06-16T11:21:38.134Z",
            "tags": [
                {
                    "id": 122574749,
                    "tagId": 29184432,
                    "name": "Travel Lane Direction",
                    "value": "Through",
                    "labelerLogin": "Nishikant",
                    "createdAt": "2021-06-16T11:21:38.134Z",
                    "updatedAt": "2021-06-16T11:21:38.134Z"
                }
            ],
            "classTitle": "Travel Lane",
            "points": {
                "exterior": [
                    [
                        708,
                        216
                    ],
                    [
                        886,
                        203
                    ],
                    [
                        885,
                        210
                    ],
                    [
                        800,
                        219
                    ],
                    [
                        739,
                        225
                    ]
                ],
                "interior": []
            }
        },
        {
            "id": 750052331,
            "classId": 2957382,
            "description": "",
            "geometryType": "polygon",
            "labelerLogin": "Nishikant",
            "createdAt": "2021-06-16T11:21:38.134Z",
            "updatedAt": "2021-06-16T11:21:38.134Z",
            "tags": [
                {
                    "id": 122574748,
                    "tagId": 29184432,
                    "name": "Travel Lane Direction",
                    "value": "Through",
                    "labelerLogin": "Nishikant",
                    "createdAt": "2021-06-16T11:21:38.134Z",
                    "updatedAt": "2021-06-16T11:21:38.134Z"
                }
            ],
            "classTitle": "Travel Lane",
            "points": {
                "exterior": [
                    [
                        661,
                        204
                    ],
                    [
                        691,
                        203
                    ],
                    [
                        696,
                        208
                    ],
                    [
                        702,
                        209
                    ],
                    [
                        717,
                        210
                    ],
                    [
                        724,
                        210
                    ],
                    [
                        754,
                        208
                    ],
                    [
                        758,
                        208
                    ],
                    [
                        760,
                        204
                    ],
                    [
                        765,
                        199
                    ],
                    [
                        766,
                        195
                    ],
                    [
                        862,
                        190
                    ],
                    [
                        887,
                        190
                    ],
                    [
                        893,
                        190
                    ],
                    [
                        888,
                        201
                    ],
                    [
                        835,
                        205
                    ],
                    [
                        806,
                        207
                    ],
                    [
                        749,
                        211
                    ],
                    [
                        721,
                        214
                    ],
                    [
                        702,
                        215
                    ],
                    [
                        656,
                        204
                    ]
                ],
                "interior": []
            }
        },
        {
            "id": 750052330,
            "classId": 2957382,
            "description": "",
            "geometryType": "polygon",
            "labelerLogin": "Nishikant",
            "createdAt": "2021-06-16T11:21:38.134Z",
            "updatedAt": "2021-06-16T11:21:38.134Z",
            "tags": [
                {
                    "id": 122574747,
                    "tagId": 29184432,
                    "name": "Travel Lane Direction",
                    "value": "Through",
                    "labelerLogin": "Nishikant",
                    "createdAt": "2021-06-16T11:21:38.134Z",
                    "updatedAt": "2021-06-16T11:21:38.134Z"
                }
            ],
            "classTitle": "Travel Lane",
            "points": {
                "exterior": [
                    [
                        748,
                        227
                    ],
                    [
                        884,
                        212
                    ],
                    [
                        877,
                        224
                    ],
                    [
                        871,
                        234
                    ],
                    [
                        869,
                        235
                    ],
                    [
                        862,
                        258
                    ],
                    [
                        852,
                        263
                    ]
                ],
                "interior": []
            }
        },
        {
            "id": 750052329,
            "classId": 2957382,
            "description": "",
            "geometryType": "polygon",
            "labelerLogin": "Nishikant",
            "createdAt": "2021-06-16T11:21:38.134Z",
            "updatedAt": "2021-06-16T11:21:38.134Z",
            "tags": [
                {
                    "id": 122574746,
                    "tagId": 29184432,
                    "name": "Travel Lane Direction",
                    "value": "Through",
                    "labelerLogin": "Nishikant",
                    "createdAt": "2021-06-16T11:21:38.134Z",
                    "updatedAt": "2021-06-16T11:21:38.134Z"
                }
            ],
            "classTitle": "Travel Lane",
            "points": {
                "exterior": [
                    [
                        922,
                        189
                    ],
                    [
                        938,
                        189
                    ],
                    [
                        935,
                        197
                    ],
                    [
                        918,
                        198
                    ]
                ],
                "interior": []
            }
        },
        {
            "id": 750052328,
            "classId": 2957382,
            "description": "",
            "geometryType": "polygon",
            "labelerLogin": "Nishikant",
            "createdAt": "2021-06-16T11:21:38.134Z",
            "updatedAt": "2021-06-16T11:21:38.134Z",
            "tags": [
                {
                    "id": 122574745,
                    "tagId": 29184432,
                    "name": "Travel Lane Direction",
                    "value": "Through",
                    "labelerLogin": "Nishikant",
                    "createdAt": "2021-06-16T11:21:38.134Z",
                    "updatedAt": "2021-06-16T11:21:38.134Z"
                }
            ],
            "classTitle": "Travel Lane",
            "points": {
                "exterior": [
                    [
                        917,
                        201
                    ],
                    [
                        933,
                        200
                    ],
                    [
                        916,
                        251
                    ],
                    [
                        890,
                        255
                    ]
                ],
                "interior": []
            }
        },
        {
            "id": 750052327,
            "classId": 2957382,
            "description": "",
            "geometryType": "polygon",
            "labelerLogin": "Nishikant",
            "createdAt": "2021-06-16T11:21:38.134Z",
            "updatedAt": "2021-06-16T11:21:38.134Z",
            "tags": [
                {
                    "id": 122574744,
                    "tagId": 29184432,
                    "name": "Travel Lane Direction",
                    "value": "Through",
                    "labelerLogin": "Nishikant",
                    "createdAt": "2021-06-16T11:21:38.134Z",
                    "updatedAt": "2021-06-16T11:21:38.134Z"
                }
            ],
            "classTitle": "Travel Lane",
            "points": {
                "exterior": [
                    [
                        958,
                        200
                    ],
                    [
                        1003,
                        196
                    ],
                    [
                        996,
                        210
                    ],
                    [
                        997,
                        212
                    ],
                    [
                        999,
                        214
                    ],
                    [
                        999,
                        217
                    ],
                    [
                        1000,
                        219
                    ],
                    [
                        1006,
                        220
                    ],
                    [
                        1014,
                        219
                    ],
                    [
                        1027,
                        221
                    ],
                    [
                        1027,
                        227
                    ],
                    [
                        1025,
                        230
                    ],
                    [
                        1022,
                        231
                    ],
                    [
                        1001,
                        238
                    ],
                    [
                        987,
                        239
                    ],
                    [
                        990,
                        233
                    ],
                    [
                        990,
                        229
                    ],
                    [
                        983,
                        225
                    ],
                    [
                        977,
                        222
                    ],
                    [
                        949,
                        223
                    ]
                ],
                "interior": []
            }
        },
        {
            "id": 750052326,
            "classId": 2957384,
            "description": "",
            "geometryType": "polygon",
            "labelerLogin": "Nishikant",
            "createdAt": "2021-06-16T11:21:38.134Z",
            "updatedAt": "2021-06-16T11:21:38.134Z",
            "tags": [
                {
                    "id": 122574743,
                    "tagId": 29184431,
                    "name": "White Lane Marking",
                    "value": "Hatched",
                    "labelerLogin": "Nishikant",
                    "createdAt": "2021-06-16T11:21:38.134Z",
                    "updatedAt": "2021-06-16T11:21:38.134Z"
                }
            ],
            "classTitle": "Lane Marking",
            "points": {
                "exterior": [
                    [
                        918,
                        198
                    ],
                    [
                        934,
                        197
                    ],
                    [
                        933,
                        200
                    ],
                    [
                        917,
                        201
                    ]
                ],
                "interior": []
            }
        },
        {
            "id": 750052325,
            "classId": 2957384,
            "description": "",
            "geometryType": "polygon",
            "labelerLogin": "Nishikant",
            "createdAt": "2021-06-16T11:21:38.134Z",
            "updatedAt": "2021-06-16T11:21:38.134Z",
            "tags": [
                {
                    "id": 122574742,
                    "tagId": 29184431,
                    "name": "White Lane Marking",
                    "value": "Hatched",
                    "labelerLogin": "Nishikant",
                    "createdAt": "2021-06-16T11:21:38.134Z",
                    "updatedAt": "2021-06-16T11:21:38.134Z"
                }
            ],
            "classTitle": "Lane Marking",
            "points": {
                "exterior": [
                    [
                        412,
                        175
                    ],
                    [
                        411,
                        174
                    ],
                    [
                        421,
                        170
                    ],
                    [
                        434,
                        165
                    ],
                    [
                        436,
                        165
                    ],
                    [
                        424,
                        170
                    ]
                ],
                "interior": []
            }
        },
        {
            "id": 750052324,
            "classId": 2957384,
            "description": "",
            "geometryType": "polygon",
            "labelerLogin": "Nishikant",
            "createdAt": "2021-06-16T11:21:38.134Z",
            "updatedAt": "2021-06-16T11:21:38.134Z",
            "tags": [
                {
                    "id": 122574741,
                    "tagId": 29184434,
                    "name": "Yellow Lane Marking",
                    "value": "Hatched",
                    "labelerLogin": "Nishikant",
                    "createdAt": "2021-06-16T11:21:38.134Z",
                    "updatedAt": "2021-06-16T11:21:38.134Z"
                }
            ],
            "classTitle": "Lane Marking",
            "points": {
                "exterior": [
                    [
                        42,
                        388
                    ],
                    [
                        175,
                        322
                    ],
                    [
                        314,
                        247
                    ],
                    [
                        390,
                        206
                    ],
                    [
                        395,
                        206
                    ],
                    [
                        361,
                        225
                    ],
                    [
                        316,
                        250
                    ],
                    [
                        247,
                        288
                    ],
                    [
                        64,
                        384
                    ]
                ],
                "interior": []
            }
        },
        {
            "id": 750052323,
            "classId": 2957384,
            "description": "",
            "geometryType": "polygon",
            "labelerLogin": "Nishikant",
            "createdAt": "2021-06-16T11:21:38.134Z",
            "updatedAt": "2021-06-16T11:21:38.134Z",
            "tags": [
                {
                    "id": 122574740,
                    "tagId": 29184434,
                    "name": "Yellow Lane Marking",
                    "value": "Hatched",
                    "labelerLogin": "Nishikant",
                    "createdAt": "2021-06-16T11:21:38.134Z",
                    "updatedAt": "2021-06-16T11:21:38.134Z"
                }
            ],
            "classTitle": "Lane Marking",
            "points": {
                "exterior": [
                    [
                        78,
                        380
                    ],
                    [
                        194,
                        318
                    ],
                    [
                        317,
                        251
                    ],
                    [
                        349,
                        233
                    ],
                    [
                        394,
                        207
                    ],
                    [
                        397,
                        207
                    ],
                    [
                        350,
                        235
                    ],
                    [
                        319,
                        253
                    ],
                    [
                        185,
                        328
                    ],
                    [
                        91,
                        380
                    ]
                ],
                "interior": []
            }
        },
        {
            "id": 750052322,
            "classId": 2957384,
            "description": "",
            "geometryType": "polygon",
            "labelerLogin": "Nishikant",
            "createdAt": "2021-06-16T11:21:38.134Z",
            "updatedAt": "2021-06-16T11:21:38.134Z",
            "tags": [
                {
                    "id": 122574739,
                    "tagId": 29184434,
                    "name": "Yellow Lane Marking",
                    "value": "Solid",
                    "labelerLogin": "Nishikant",
                    "createdAt": "2021-06-16T11:21:38.134Z",
                    "updatedAt": "2021-06-16T11:21:38.134Z"
                }
            ],
            "classTitle": "Lane Marking",
            "points": {
                "exterior": [
                    [
                        406,
                        198
                    ],
                    [
                        421,
                        187
                    ],
                    [
                        436,
                        176
                    ],
                    [
                        440,
                        173
                    ],
                    [
                        451,
                        165
                    ],
                    [
                        452,
                        165
                    ],
                    [
                        441,
                        173
                    ],
                    [
                        436,
                        177
                    ],
                    [
                        421,
                        188
                    ],
                    [
                        408,
                        198
                    ]
                ],
                "interior": []
            }
        },
        {
            "id": 750052321,
            "classId": 2957383,
            "description": "",
            "geometryType": "polygon",
            "labelerLogin": "Nishikant",
            "createdAt": "2021-06-16T11:21:38.134Z",
            "updatedAt": "2021-06-16T11:21:38.134Z",
            "tags": [
                {
                    "id": 122574738,
                    "tagId": 29184437,
                    "name": "Left Arrow",
                    "value": null,
                    "labelerLogin": "Nishikant",
                    "createdAt": "2021-06-16T11:21:38.134Z",
                    "updatedAt": "2021-06-16T11:21:38.134Z"
                }
            ],
            "classTitle": "Movement Marking",
            "points": {
                "exterior": [
                    [
                        399,
                        184
                    ],
                    [
                        399,
                        185
                    ],
                    [
                        399,
                        186
                    ],
                    [
                        403,
                        186
                    ],
                    [
                        406,
                        186
                    ],
                    [
                        406,
                        184
                    ],
                    [
                        415,
                        186
                    ],
                    [
                        406,
                        190
                    ],
                    [
                        406,
                        188
                    ],
                    [
                        400,
                        188
                    ],
                    [
                        396,
                        188
                    ],
                    [
                        394,
                        187
                    ],
                    [
                        394,
                        185
                    ],
                    [
                        396,
                        183
                    ]
                ],
                "interior": []
            }
        }
    ]
}