{
    "description": "",
    "tags": [
        {
            "id": 107913187,
            "tagId": 29184443,
            "name": "train",
            "value": null,
            "labelerLogin": "Nishikant",
            "createdAt": "2021-06-16T11:21:38.134Z",
            "updatedAt": "2021-06-16T11:21:38.134Z"
        }
    ],
    "size": {
        "height": 590,
        "width": 1042
    },
    "objects": [
        {
            "id": 750056205,
            "classId": 2957384,
            "description": "",
            "geometryType": "polygon",
            "labelerLogin": "Nishikant",
            "createdAt": "2021-06-16T11:21:38.134Z",
            "updatedAt": "2021-06-16T11:21:38.134Z",
            "tags": [
                {
                    "id": 122578537,
                    "tagId": 29184434,
                    "name": "Yellow Lane Marking",
                    "value": "Hatched",
                    "labelerLogin": "Nishikant",
                    "createdAt": "2021-06-16T11:21:38.134Z",
                    "updatedAt": "2021-06-16T11:21:38.134Z"
                }
            ],
            "classTitle": "Lane Marking",
            "points": {
                "exterior": [
                    [
                        0,
                        314
                    ],
                    [
                        146,
                        256
                    ],
                    [
                        230,
                        225
                    ],
                    [
                        282,
                        206
                    ],
                    [
                        332,
                        188
                    ],
                    [
                        342,
                        184
                    ],
                    [
                        359,
                        177
                    ],
                    [
                        371,
                        166
                    ],
                    [
                        372,
                        166
                    ],
                    [
                        360,
                        177
                    ],
                    [
                        342,
                        185
                    ],
                    [
                        334,
                        188
                    ],
                    [
                        280,
                        208
                    ],
                    [
                        230,
                        227
                    ],
                    [
                        143,
                        260
                    ],
                    [
                        105,
                        277
                    ],
                    [
                        0,
                        319
                    ]
                ],
                "interior": []
            }
        },
        {
            "id": 750056204,
            "classId": 2957382,
            "description": "",
            "geometryType": "polygon",
            "labelerLogin": "Nishikant",
            "createdAt": "2021-06-16T11:21:38.134Z",
            "updatedAt": "2021-06-16T11:21:38.134Z",
            "tags": [
                {
                    "id": 122578536,
                    "tagId": 29184432,
                    "name": "Travel Lane Direction",
                    "value": "Through",
                    "labelerLogin": "Nishikant",
                    "createdAt": "2021-06-16T11:21:38.134Z",
                    "updatedAt": "2021-06-16T11:21:38.134Z"
                }
            ],
            "classTitle": "Travel Lane",
            "points": {
                "exterior": [
                    [
                        377,
                        161
                    ],
                    [
                        385,
                        161
                    ],
                    [
                        385,
                        166
                    ],
                    [
                        384,
                        168
                    ],
                    [
                        382,
                        169
                    ],
                    [
                        382,
                        171
                    ],
                    [
                        380,
                        188
                    ],
                    [
                        381,
                        189
                    ],
                    [
                        384,
                        189
                    ],
                    [
                        385,
                        188
                    ],
                    [
                        385,
                        185
                    ],
                    [
                        390,
                        185
                    ],
                    [
                        398,
                        186
                    ],
                    [
                        399,
                        187
                    ],
                    [
                        399,
                        189
                    ],
                    [
                        402,
                        189
                    ],
                    [
                        403,
                        183
                    ],
                    [
                        402,
                        180
                    ],
                    [
                        402,
                        177
                    ],
                    [
                        401,
                        175
                    ],
                    [
                        402,
                        174
                    ],
                    [
                        402,
                        172
                    ],
                    [
                        400,
                        172
                    ],
                    [
                        400,
                        170
                    ],
                    [
                        399,
                        167
                    ],
                    [
                        404,
                        167
                    ],
                    [
                        412,
                        166
                    ],
                    [
                        428,
                        179
                    ],
                    [
                        439,
                        185
                    ],
                    [
                        450,
                        190
                    ],
                    [
                        461,
                        195
                    ],
                    [
                        472,
                        200
                    ],
                    [
                        484,
                        207
                    ],
                    [
                        497,
                        214
                    ],
                    [
                        535,
                        231
                    ],
                    [
                        560,
                        243
                    ],
                    [
                        626,
                        278
                    ],
                    [
                        783,
                        363
                    ],
                    [
                        1042,
                        499
                    ],
                    [
                        1041,
                        589
                    ],
                    [
                        644,
                        589
                    ],
                    [
                        1,
                        588
                    ],
                    [
                        1,
                        319
                    ],
                    [
                        153,
                        256
                    ],
                    [
                        219,
                        231
                    ],
                    [
                        271,
                        211
                    ],
                    [
                        300,
                        201
                    ],
                    [
                        323,
                        192
                    ],
                    [
                        342,
                        185
                    ],
                    [
                        355,
                        179
                    ],
                    [
                        360,
                        176
                    ],
                    [
                        365,
                        172
                    ],
                    [
                        372,
                        166
                    ]
                ],
                "interior": []
            }
        },
        {
            "id": 750056203,
            "classId": 2957382,
            "description": "",
            "geometryType": "polygon",
            "labelerLogin": "Nishikant",
            "createdAt": "2021-06-16T11:21:38.134Z",
            "updatedAt": "2021-06-16T11:21:38.134Z",
            "tags": [
                {
                    "id": 122578535,
                    "tagId": 29184432,
                    "name": "Travel Lane Direction",
                    "value": "Left",
                    "labelerLogin": "Nishikant",
                    "createdAt": "2021-06-16T11:21:38.134Z",
                    "updatedAt": "2021-06-16T11:21:38.134Z"
                }
            ],
            "classTitle": "Travel Lane",
            "points": {
                "exterior": [
                    [
                        0,
                        307
                    ],
                    [
                        1,
                        225
                    ],
                    [
                        97,
                        210
                    ],
                    [
                        204,
                        193
                    ],
                    [
                        232,
                        188
                    ],
                    [
                        266,
                        183
                    ],
                    [
                        304,
                        175
                    ],
                    [
                        306,
                        174
                    ],
                    [
                        306,
                        177
                    ],
                    [
                        307,
                        180
                    ],
                    [
                        309,
                        180
                    ],
                    [
                        310,
                        179
                    ],
                    [
                        311,
                        180
                    ],
                    [
                        315,
                        180
                    ],
                    [
                        319,
                        180
                    ],
                    [
                        322,
                        179
                    ],
                    [
                        324,
                        179
                    ],
                    [
                        324,
                        176
                    ],
                    [
                        324,
                        171
                    ],
                    [
                        324,
                        169
                    ],
                    [
                        330,
                        167
                    ],
                    [
                        334,
                        166
                    ],
                    [
                        340,
                        162
                    ],
                    [
                        344,
                        160
                    ],
                    [
                        348,
                        160
                    ],
                    [
                        348,
                        163
                    ],
                    [
                        351,
                        164
                    ],
                    [
                        356,
                        164
                    ],
                    [
                        357,
                        164
                    ],
                    [
                        357,
                        161
                    ],
                    [
                        358,
                        159
                    ],
                    [
                        361,
                        160
                    ],
                    [
                        364,
                        160
                    ],
                    [
                        366,
                        160
                    ],
                    [
                        366,
                        161
                    ],
                    [
                        368,
                        162
                    ],
                    [
                        370,
                        162
                    ],
                    [
                        372,
                        162
                    ],
                    [
                        375,
                        162
                    ],
                    [
                        371,
                        166
                    ],
                    [
                        369,
                        168
                    ],
                    [
                        365,
                        171
                    ],
                    [
                        362,
                        173
                    ],
                    [
                        360,
                        175
                    ],
                    [
                        359,
                        176
                    ],
                    [
                        354,
                        178
                    ],
                    [
                        347,
                        181
                    ],
                    [
                        238,
                        220
                    ],
                    [
                        15,
                        302
                    ],
                    [
                        0,
                        308
                    ]
                ],
                "interior": []
            }
        },
        {
            "id": 750056202,
            "classId": 2957379,
            "description": "",
            "geometryType": "polygon",
            "labelerLogin": "Nishikant",
            "createdAt": "2021-06-16T11:21:38.134Z",
            "updatedAt": "2021-06-16T11:21:38.134Z",
            "tags": [
                {
                    "id": 122578534,
                    "tagId": 29184433,
                    "name": "Crosswalk",
                    "value": "White Hatched",
                    "labelerLogin": "Nishikant",
                    "createdAt": "2021-06-16T11:21:38.134Z",
                    "updatedAt": "2021-06-16T11:21:38.134Z"
                }
            ],
            "classTitle": "Crosswalk",
            "points": {
                "exterior": [
                    [
                        320,
                        165
                    ],
                    [
                        330,
                        161
                    ],
                    [
                        341,
                        161
                    ],
                    [
                        334,
                        165
                    ]
                ],
                "interior": []
            }
        },
        {
            "id": 750056201,
            "classId": 2957379,
            "description": "",
            "geometryType": "polygon",
            "labelerLogin": "Nishikant",
            "createdAt": "2021-06-16T11:21:38.134Z",
            "updatedAt": "2021-06-16T11:21:38.134Z",
            "tags": [
                {
                    "id": 122578533,
                    "tagId": 29184433,
                    "name": "Crosswalk",
                    "value": "White Hatched",
                    "labelerLogin": "Nishikant",
                    "createdAt": "2021-06-16T11:21:38.134Z",
                    "updatedAt": "2021-06-16T11:21:38.134Z"
                }
            ],
            "classTitle": "Crosswalk",
            "points": {
                "exterior": [
                    [
                        373,
                        160
                    ],
                    [
                        383,
                        160
                    ],
                    [
                        394,
                        160
                    ],
                    [
                        406,
                        160
                    ],
                    [
                        410,
                        160
                    ],
                    [
                        408,
                        158
                    ],
                    [
                        392,
                        158
                    ],
                    [
                        392,
                        159
                    ],
                    [
                        386,
                        159
                    ],
                    [
                        386,
                        158
                    ],
                    [
                        373,
                        158
                    ]
                ],
                "interior": []
            }
        },
        {
            "id": 750056200,
            "classId": 2957379,
            "description": "",
            "geometryType": "polygon",
            "labelerLogin": "Nishikant",
            "createdAt": "2021-06-16T11:21:38.134Z",
            "updatedAt": "2021-06-16T11:21:38.134Z",
            "tags": [
                {
                    "id": 122578532,
                    "tagId": 29184433,
                    "name": "Crosswalk",
                    "value": "White Hatched",
                    "labelerLogin": "Nishikant",
                    "createdAt": "2021-06-16T11:21:38.134Z",
                    "updatedAt": "2021-06-16T11:21:38.134Z"
                }
            ],
            "classTitle": "Crosswalk",
            "points": {
                "exterior": [
                    [
                        413,
                        165
                    ],
                    [
                        410,
                        160
                    ],
                    [
                        422,
                        160
                    ],
                    [
                        422,
                        165
                    ]
                ],
                "interior": []
            }
        },
        {
            "id": 750056199,
            "classId": 2957384,
            "description": "",
            "geometryType": "polygon",
            "labelerLogin": "Nishikant",
            "createdAt": "2021-06-16T11:21:38.134Z",
            "updatedAt": "2021-06-16T11:21:38.134Z",
            "tags": [
                {
                    "id": 122578531,
                    "tagId": 29184434,
                    "name": "Yellow Lane Marking",
                    "value": "Hatched",
                    "labelerLogin": "Nishikant",
                    "createdAt": "2021-06-16T11:21:38.134Z",
                    "updatedAt": "2021-06-16T11:21:38.134Z"
                }
            ],
            "classTitle": "Lane Marking",
            "points": {
                "exterior": [
                    [
                        0,
                        309
                    ],
                    [
                        58,
                        287
                    ],
                    [
                        111,
                        267
                    ],
                    [
                        143,
                        255
                    ],
                    [
                        169,
                        246
                    ],
                    [
                        201,
                        234
                    ],
                    [
                        217,
                        228
                    ],
                    [
                        230,
                        223
                    ],
                    [
                        250,
                        216
                    ],
                    [
                        269,
                        209
                    ],
                    [
                        280,
                        205
                    ],
                    [
                        298,
                        199
                    ],
                    [
                        321,
                        191
                    ],
                    [
                        334,
                        186
                    ],
                    [
                        345,
                        182
                    ],
                    [
                        350,
                        180
                    ],
                    [
                        357,
                        177
                    ],
                    [
                        358,
                        177
                    ],
                    [
                        351,
                        180
                    ],
                    [
                        334,
                        187
                    ],
                    [
                        320,
                        192
                    ],
                    [
                        251,
                        217
                    ],
                    [
                        201,
                        235
                    ],
                    [
                        145,
                        256
                    ],
                    [
                        112,
                        269
                    ],
                    [
                        61,
                        289
                    ],
                    [
                        0,
                        313
                    ]
                ],
                "interior": []
            }
        },
        {
            "id": 750056198,
            "classId": 2957383,
            "description": "",
            "geometryType": "polygon",
            "labelerLogin": "Nishikant",
            "createdAt": "2021-06-16T11:21:38.134Z",
            "updatedAt": "2021-06-16T11:21:38.134Z",
            "tags": [
                {
                    "id": 122578530,
                    "tagId": 29184437,
                    "name": "Left Arrow",
                    "value": null,
                    "labelerLogin": "Nishikant",
                    "createdAt": "2021-06-16T11:21:38.134Z",
                    "updatedAt": "2021-06-16T11:21:38.134Z"
                }
            ],
            "classTitle": "Movement Marking",
            "points": {
                "exterior": [
                    [
                        198,
                        216
                    ],
                    [
                        189,
                        218
                    ],
                    [
                        179,
                        221
                    ],
                    [
                        175,
                        223
                    ],
                    [
                        178,
                        224
                    ],
                    [
                        184,
                        224
                    ],
                    [
                        187,
                        224
                    ],
                    [
                        191,
                        224
                    ],
                    [
                        189,
                        224
                    ],
                    [
                        186,
                        226
                    ],
                    [
                        185,
                        227
                    ],
                    [
                        192,
                        226
                    ],
                    [
                        200,
                        225
                    ],
                    [
                        209,
                        224
                    ],
                    [
                        217,
                        223
                    ],
                    [
                        224,
                        222
                    ],
                    [
                        224,
                        221
                    ],
                    [
                        221,
                        220
                    ],
                    [
                        214,
                        219
                    ],
                    [
                        210,
                        218
                    ],
                    [
                        207,
                        220
                    ],
                    [
                        206,
                        221
                    ],
                    [
                        200,
                        221
                    ],
                    [
                        194,
                        221
                    ],
                    [
                        191,
                        221
                    ],
                    [
                        194,
                        220
                    ],
                    [
                        202,
                        218
                    ]
                ],
                "interior": []
            }
        }
    ]
}