{
    "description": "",
    "tags": [
        {
            "id": 107912797,
            "tagId": 29184443,
            "name": "train",
            "value": null,
            "labelerLogin": "Nishikant",
            "createdAt": "2021-06-16T11:21:38.134Z",
            "updatedAt": "2021-06-16T11:21:38.134Z"
        }
    ],
    "size": {
        "height": 590,
        "width": 1042
    },
    "objects": [
        {
            "id": 750052740,
            "classId": 2957384,
            "description": "",
            "geometryType": "polygon",
            "labelerLogin": "Nishikant",
            "createdAt": "2021-06-16T11:21:38.134Z",
            "updatedAt": "2021-06-16T11:21:38.134Z",
            "tags": [
                {
                    "id": 122575156,
                    "tagId": 29184434,
                    "name": "Yellow Lane Marking",
                    "value": "Solid",
                    "labelerLogin": "Nishikant",
                    "createdAt": "2021-06-16T11:21:38.134Z",
                    "updatedAt": "2021-06-16T11:21:38.134Z"
                }
            ],
            "classTitle": "Lane Marking",
            "points": {
                "exterior": [
                    [
                        0,
                        386
                    ],
                    [
                        290,
                        268
                    ],
                    [
                        437,
                        208
                    ],
                    [
                        495,
                        185
                    ],
                    [
                        521,
                        177
                    ],
                    [
                        542,
                        171
                    ],
                    [
                        553,
                        168
                    ],
                    [
                        553,
                        169
                    ],
                    [
                        541,
                        172
                    ],
                    [
                        521,
                        178
                    ],
                    [
                        497,
                        186
                    ],
                    [
                        436,
                        211
                    ],
                    [
                        291,
                        271
                    ],
                    [
                        0,
                        391
                    ]
                ],
                "interior": []
            }
        },
        {
            "id": 750052739,
            "classId": 2957384,
            "description": "",
            "geometryType": "polygon",
            "labelerLogin": "Nishikant",
            "createdAt": "2021-06-16T11:21:38.134Z",
            "updatedAt": "2021-06-16T11:21:38.134Z",
            "tags": [
                {
                    "id": 122575155,
                    "tagId": 29184431,
                    "name": "White Lane Marking",
                    "value": "Solid",
                    "labelerLogin": "Nishikant",
                    "createdAt": "2021-06-16T11:21:38.134Z",
                    "updatedAt": "2021-06-16T11:21:38.134Z"
                }
            ],
            "classTitle": "Lane Marking",
            "points": {
                "exterior": [
                    [
                        0,
                        303
                    ],
                    [
                        351,
                        209
                    ],
                    [
                        445,
                        184
                    ],
                    [
                        486,
                        174
                    ],
                    [
                        501,
                        172
                    ],
                    [
                        511,
                        170
                    ],
                    [
                        511,
                        170
                    ],
                    [
                        501,
                        173
                    ],
                    [
                        487,
                        175
                    ],
                    [
                        446,
                        185
                    ],
                    [
                        352,
                        211
                    ],
                    [
                        0,
                        308
                    ]
                ],
                "interior": []
            }
        },
        {
            "id": 750052738,
            "classId": 2957382,
            "description": "",
            "geometryType": "polygon",
            "labelerLogin": "Nishikant",
            "createdAt": "2021-06-16T11:21:38.134Z",
            "updatedAt": "2021-06-16T11:21:38.134Z",
            "tags": [
                {
                    "id": 122575154,
                    "tagId": 29184432,
                    "name": "Travel Lane Direction",
                    "value": "Left",
                    "labelerLogin": "Nishikant",
                    "createdAt": "2021-06-16T11:21:38.134Z",
                    "updatedAt": "2021-06-16T11:21:38.134Z"
                }
            ],
            "classTitle": "Travel Lane",
            "points": {
                "exterior": [
                    [
                        0,
                        308
                    ],
                    [
                        259,
                        237
                    ],
                    [
                        362,
                        208
                    ],
                    [
                        462,
                        181
                    ],
                    [
                        494,
                        174
                    ],
                    [
                        510,
                        171
                    ],
                    [
                        520,
                        170
                    ],
                    [
                        533,
                        169
                    ],
                    [
                        544,
                        168
                    ],
                    [
                        552,
                        168
                    ],
                    [
                        535,
                        171
                    ],
                    [
                        523,
                        174
                    ],
                    [
                        511,
                        179
                    ],
                    [
                        493,
                        185
                    ],
                    [
                        439,
                        205
                    ],
                    [
                        0,
                        377
                    ]
                ],
                "interior": []
            }
        },
        {
            "id": 750052737,
            "classId": 2957382,
            "description": "",
            "geometryType": "polygon",
            "labelerLogin": "Nishikant",
            "createdAt": "2021-06-16T11:21:38.134Z",
            "updatedAt": "2021-06-16T11:21:38.134Z",
            "tags": [
                {
                    "id": 122575153,
                    "tagId": 29184432,
                    "name": "Travel Lane Direction",
                    "value": "Through",
                    "labelerLogin": "Nishikant",
                    "createdAt": "2021-06-16T11:21:38.134Z",
                    "updatedAt": "2021-06-16T11:21:38.134Z"
                }
            ],
            "classTitle": "Travel Lane",
            "points": {
                "exterior": [
                    [
                        0,
                        394
                    ],
                    [
                        398,
                        227
                    ],
                    [
                        500,
                        185
                    ],
                    [
                        531,
                        175
                    ],
                    [
                        558,
                        167
                    ],
                    [
                        582,
                        167
                    ],
                    [
                        582,
                        173
                    ],
                    [
                        582,
                        177
                    ],
                    [
                        602,
                        176
                    ],
                    [
                        605,
                        176
                    ],
                    [
                        605,
                        170
                    ],
                    [
                        608,
                        167
                    ],
                    [
                        618,
                        168
                    ],
                    [
                        623,
                        169
                    ],
                    [
                        628,
                        170
                    ],
                    [
                        633,
                        171
                    ],
                    [
                        638,
                        172
                    ],
                    [
                        648,
                        177
                    ],
                    [
                        660,
                        183
                    ],
                    [
                        703,
                        207
                    ],
                    [
                        768,
                        248
                    ],
                    [
                        885,
                        313
                    ],
                    [
                        1041,
                        409
                    ],
                    [
                        1041,
                        467
                    ],
                    [
                        1041,
                        588
                    ],
                    [
                        573,
                        590
                    ],
                    [
                        0,
                        589
                    ]
                ],
                "interior": []
            }
        },
        {
            "id": 750052736,
            "classId": 2957382,
            "description": "",
            "geometryType": "polygon",
            "labelerLogin": "Nishikant",
            "createdAt": "2021-06-16T11:21:38.134Z",
            "updatedAt": "2021-06-16T11:21:38.134Z",
            "tags": [
                {
                    "id": 122575152,
                    "tagId": 29184432,
                    "name": "Travel Lane Direction",
                    "value": "Through",
                    "labelerLogin": "Nishikant",
                    "createdAt": "2021-06-16T11:21:38.134Z",
                    "updatedAt": "2021-06-16T11:21:38.134Z"
                }
            ],
            "classTitle": "Travel Lane",
            "points": {
                "exterior": [
                    [
                        0,
                        303
                    ],
                    [
                        0,
                        245
                    ],
                    [
                        198,
                        211
                    ],
                    [
                        278,
                        198
                    ],
                    [
                        304,
                        194
                    ],
                    [
                        402,
                        178
                    ],
                    [
                        401,
                        181
                    ],
                    [
                        404,
                        185
                    ],
                    [
                        408,
                        188
                    ],
                    [
                        416,
                        187
                    ],
                    [
                        429,
                        186
                    ],
                    [
                        433,
                        186
                    ],
                    [
                        436,
                        185
                    ],
                    [
                        438,
                        183
                    ],
                    [
                        447,
                        182
                    ],
                    [
                        450,
                        181
                    ],
                    [
                        451,
                        175
                    ],
                    [
                        451,
                        173
                    ],
                    [
                        457,
                        171
                    ],
                    [
                        479,
                        170
                    ],
                    [
                        485,
                        170
                    ],
                    [
                        486,
                        171
                    ],
                    [
                        501,
                        172
                    ],
                    [
                        486,
                        174
                    ],
                    [
                        476,
                        176
                    ],
                    [
                        441,
                        185
                    ],
                    [
                        386,
                        199
                    ],
                    [
                        92,
                        278
                    ]
                ],
                "interior": []
            }
        },
        {
            "id": 750052735,
            "classId": 2957384,
            "description": "",
            "geometryType": "polygon",
            "labelerLogin": "Nishikant",
            "createdAt": "2021-06-16T11:21:38.134Z",
            "updatedAt": "2021-06-16T11:21:38.134Z",
            "tags": [
                {
                    "id": 122575151,
                    "tagId": 29184434,
                    "name": "Yellow Lane Marking",
                    "value": "Solid",
                    "labelerLogin": "Nishikant",
                    "createdAt": "2021-06-16T11:21:38.134Z",
                    "updatedAt": "2021-06-16T11:21:38.134Z"
                }
            ],
            "classTitle": "Lane Marking",
            "points": {
                "exterior": [
                    [
                        0,
                        383
                    ],
                    [
                        98,
                        343
                    ],
                    [
                        180,
                        311
                    ],
                    [
                        250,
                        283
                    ],
                    [
                        322,
                        254
                    ],
                    [
                        401,
                        222
                    ],
                    [
                        432,
                        210
                    ],
                    [
                        469,
                        195
                    ],
                    [
                        498,
                        184
                    ],
                    [
                        523,
                        176
                    ],
                    [
                        522,
                        175
                    ],
                    [
                        497,
                        183
                    ],
                    [
                        468,
                        194
                    ],
                    [
                        398,
                        221
                    ],
                    [
                        178,
                        308
                    ],
                    [
                        95,
                        340
                    ],
                    [
                        0,
                        378
                    ]
                ],
                "interior": []
            }
        }
    ]
}