{
    "description": "",
    "tags": [
        {
            "id": 107913188,
            "tagId": 29184444,
            "name": "val",
            "value": null,
            "labelerLogin": "Nishikant",
            "createdAt": "2021-06-16T11:21:38.134Z",
            "updatedAt": "2021-06-16T11:21:38.134Z"
        }
    ],
    "size": {
        "height": 590,
        "width": 1042
    },
    "objects": [
        {
            "id": 750056197,
            "classId": 2957379,
            "description": "",
            "geometryType": "polygon",
            "labelerLogin": "Nishikant",
            "createdAt": "2021-06-16T11:21:38.134Z",
            "updatedAt": "2021-06-16T11:21:38.134Z",
            "tags": [
                {
                    "id": 122578529,
                    "tagId": 29184433,
                    "name": "Crosswalk",
                    "value": "White Hatched",
                    "labelerLogin": "Nishikant",
                    "createdAt": "2021-06-16T11:21:38.134Z",
                    "updatedAt": "2021-06-16T11:21:38.134Z"
                }
            ],
            "classTitle": "Crosswalk",
            "points": {
                "exterior": [
                    [
                        327,
                        165
                    ],
                    [
                        337,
                        161
                    ],
                    [
                        351,
                        161
                    ],
                    [
                        343,
                        166
                    ]
                ],
                "interior": []
            }
        },
        {
            "id": 750056196,
            "classId": 2957379,
            "description": "",
            "geometryType": "polygon",
            "labelerLogin": "Nishikant",
            "createdAt": "2021-06-16T11:21:38.134Z",
            "updatedAt": "2021-06-16T11:21:38.134Z",
            "tags": [
                {
                    "id": 122578528,
                    "tagId": 29184433,
                    "name": "Crosswalk",
                    "value": "White Hatched",
                    "labelerLogin": "Nishikant",
                    "createdAt": "2021-06-16T11:21:38.134Z",
                    "updatedAt": "2021-06-16T11:21:38.134Z"
                }
            ],
            "classTitle": "Crosswalk",
            "points": {
                "exterior": [
                    [
                        375,
                        158
                    ],
                    [
                        394,
                        158
                    ],
                    [
                        416,
                        158
                    ],
                    [
                        422,
                        158
                    ],
                    [
                        423,
                        160
                    ],
                    [
                        416,
                        160
                    ],
                    [
                        415,
                        159
                    ],
                    [
                        409,
                        159
                    ],
                    [
                        407,
                        159
                    ],
                    [
                        397,
                        159
                    ],
                    [
                        397,
                        160
                    ],
                    [
                        388,
                        160
                    ],
                    [
                        387,
                        160
                    ],
                    [
                        375,
                        160
                    ]
                ],
                "interior": []
            }
        },
        {
            "id": 750056195,
            "classId": 2957384,
            "description": "",
            "geometryType": "polygon",
            "labelerLogin": "Nishikant",
            "createdAt": "2021-06-16T11:21:38.134Z",
            "updatedAt": "2021-06-16T11:21:38.134Z",
            "tags": [
                {
                    "id": 122578527,
                    "tagId": 29184434,
                    "name": "Yellow Lane Marking",
                    "value": "Solid",
                    "labelerLogin": "Nishikant",
                    "createdAt": "2021-06-16T11:21:38.134Z",
                    "updatedAt": "2021-06-16T11:21:38.134Z"
                }
            ],
            "classTitle": "Lane Marking",
            "points": {
                "exterior": [
                    [
                        383,
                        166
                    ],
                    [
                        384,
                        166
                    ],
                    [
                        370,
                        178
                    ],
                    [
                        366,
                        179
                    ],
                    [
                        356,
                        185
                    ],
                    [
                        338,
                        193
                    ],
                    [
                        307,
                        206
                    ],
                    [
                        267,
                        222
                    ],
                    [
                        248,
                        229
                    ],
                    [
                        215,
                        243
                    ],
                    [
                        162,
                        265
                    ],
                    [
                        90,
                        295
                    ],
                    [
                        0,
                        331
                    ],
                    [
                        0,
                        327
                    ],
                    [
                        91,
                        291
                    ],
                    [
                        165,
                        261
                    ],
                    [
                        217,
                        240
                    ],
                    [
                        268,
                        219
                    ],
                    [
                        306,
                        205
                    ],
                    [
                        336,
                        193
                    ],
                    [
                        354,
                        185
                    ],
                    [
                        365,
                        179
                    ],
                    [
                        369,
                        178
                    ]
                ],
                "interior": []
            }
        },
        {
            "id": 750056194,
            "classId": 2957384,
            "description": "",
            "geometryType": "polygon",
            "labelerLogin": "Nishikant",
            "createdAt": "2021-06-16T11:21:38.134Z",
            "updatedAt": "2021-06-16T11:21:38.134Z",
            "tags": [
                {
                    "id": 122578526,
                    "tagId": 29184431,
                    "name": "White Lane Marking",
                    "value": "Hatched",
                    "labelerLogin": "Nishikant",
                    "createdAt": "2021-06-16T11:21:38.134Z",
                    "updatedAt": "2021-06-16T11:21:38.134Z"
                }
            ],
            "classTitle": "Lane Marking",
            "points": {
                "exterior": [
                    [
                        0,
                        275
                    ],
                    [
                        181,
                        222
                    ],
                    [
                        299,
                        191
                    ],
                    [
                        349,
                        176
                    ],
                    [
                        364,
                        166
                    ],
                    [
                        365,
                        167
                    ],
                    [
                        350,
                        177
                    ],
                    [
                        300,
                        192
                    ],
                    [
                        205,
                        218
                    ],
                    [
                        174,
                        226
                    ],
                    [
                        0,
                        279
                    ]
                ],
                "interior": []
            }
        },
        {
            "id": 750056193,
            "classId": 2957382,
            "description": "",
            "geometryType": "polygon",
            "labelerLogin": "Nishikant",
            "createdAt": "2021-06-16T11:21:38.134Z",
            "updatedAt": "2021-06-16T11:21:38.134Z",
            "tags": [
                {
                    "id": 122578525,
                    "tagId": 29184432,
                    "name": "Travel Lane Direction",
                    "value": "Left",
                    "labelerLogin": "Nishikant",
                    "createdAt": "2021-06-16T11:21:38.134Z",
                    "updatedAt": "2021-06-16T11:21:38.134Z"
                }
            ],
            "classTitle": "Travel Lane",
            "points": {
                "exterior": [
                    [
                        0,
                        331
                    ],
                    [
                        84,
                        298
                    ],
                    [
                        136,
                        276
                    ],
                    [
                        172,
                        261
                    ],
                    [
                        239,
                        233
                    ],
                    [
                        280,
                        217
                    ],
                    [
                        317,
                        202
                    ],
                    [
                        345,
                        190
                    ],
                    [
                        356,
                        185
                    ],
                    [
                        366,
                        179
                    ],
                    [
                        370,
                        178
                    ],
                    [
                        371,
                        177
                    ],
                    [
                        376,
                        173
                    ],
                    [
                        384,
                        166
                    ],
                    [
                        396,
                        166
                    ],
                    [
                        395,
                        168
                    ],
                    [
                        394,
                        169
                    ],
                    [
                        394,
                        170
                    ],
                    [
                        394,
                        173
                    ],
                    [
                        392,
                        173
                    ],
                    [
                        392,
                        175
                    ],
                    [
                        393,
                        175
                    ],
                    [
                        393,
                        176
                    ],
                    [
                        393,
                        183
                    ],
                    [
                        393,
                        189
                    ],
                    [
                        394,
                        189
                    ],
                    [
                        397,
                        189
                    ],
                    [
                        397,
                        188
                    ],
                    [
                        397,
                        186
                    ],
                    [
                        410,
                        186
                    ],
                    [
                        410,
                        190
                    ],
                    [
                        414,
                        190
                    ],
                    [
                        414,
                        182
                    ],
                    [
                        414,
                        176
                    ],
                    [
                        414,
                        173
                    ],
                    [
                        412,
                        171
                    ],
                    [
                        411,
                        169
                    ],
                    [
                        412,
                        166
                    ],
                    [
                        421,
                        166
                    ],
                    [
                        426,
                        166
                    ],
                    [
                        433,
                        172
                    ],
                    [
                        444,
                        180
                    ],
                    [
                        453,
                        186
                    ],
                    [
                        483,
                        202
                    ],
                    [
                        518,
                        220
                    ],
                    [
                        555,
                        241
                    ],
                    [
                        600,
                        267
                    ],
                    [
                        619,
                        277
                    ],
                    [
                        842,
                        391
                    ],
                    [
                        982,
                        469
                    ],
                    [
                        1041,
                        501
                    ],
                    [
                        1041,
                        589
                    ],
                    [
                        429,
                        589
                    ],
                    [
                        0,
                        589
                    ]
                ],
                "interior": []
            }
        },
        {
            "id": 750056192,
            "classId": 2957382,
            "description": "",
            "geometryType": "polygon",
            "labelerLogin": "Nishikant",
            "createdAt": "2021-06-16T11:21:38.134Z",
            "updatedAt": "2021-06-16T11:21:38.134Z",
            "tags": [
                {
                    "id": 122578524,
                    "tagId": 29184432,
                    "name": "Travel Lane Direction",
                    "value": "Through",
                    "labelerLogin": "Nishikant",
                    "createdAt": "2021-06-16T11:21:38.134Z",
                    "updatedAt": "2021-06-16T11:21:38.134Z"
                }
            ],
            "classTitle": "Travel Lane",
            "points": {
                "exterior": [
                    [
                        0,
                        228
                    ],
                    [
                        202,
                        196
                    ],
                    [
                        275,
                        184
                    ],
                    [
                        277,
                        187
                    ],
                    [
                        277,
                        190
                    ],
                    [
                        282,
                        191
                    ],
                    [
                        285,
                        189
                    ],
                    [
                        293,
                        189
                    ],
                    [
                        296,
                        189
                    ],
                    [
                        299,
                        190
                    ],
                    [
                        300,
                        187
                    ],
                    [
                        302,
                        186
                    ],
                    [
                        304,
                        188
                    ],
                    [
                        305,
                        186
                    ],
                    [
                        307,
                        182
                    ],
                    [
                        305,
                        177
                    ],
                    [
                        339,
                        167
                    ],
                    [
                        342,
                        166
                    ],
                    [
                        364,
                        166
                    ],
                    [
                        358,
                        170
                    ],
                    [
                        349,
                        176
                    ],
                    [
                        332,
                        181
                    ],
                    [
                        309,
                        188
                    ],
                    [
                        283,
                        195
                    ],
                    [
                        269,
                        199
                    ],
                    [
                        177,
                        223
                    ],
                    [
                        171,
                        225
                    ],
                    [
                        117,
                        241
                    ],
                    [
                        0,
                        275
                    ]
                ],
                "interior": []
            }
        },
        {
            "id": 750056191,
            "classId": 2957382,
            "description": "",
            "geometryType": "polygon",
            "labelerLogin": "Nishikant",
            "createdAt": "2021-06-16T11:21:38.134Z",
            "updatedAt": "2021-06-16T11:21:38.134Z",
            "tags": [
                {
                    "id": 122578523,
                    "tagId": 29184432,
                    "name": "Travel Lane Direction",
                    "value": "Left",
                    "labelerLogin": "Nishikant",
                    "createdAt": "2021-06-16T11:21:38.134Z",
                    "updatedAt": "2021-06-16T11:21:38.134Z"
                }
            ],
            "classTitle": "Travel Lane",
            "points": {
                "exterior": [
                    [
                        0,
                        322
                    ],
                    [
                        73,
                        294
                    ],
                    [
                        135,
                        270
                    ],
                    [
                        205,
                        242
                    ],
                    [
                        257,
                        221
                    ],
                    [
                        338,
                        191
                    ],
                    [
                        353,
                        184
                    ],
                    [
                        368,
                        177
                    ],
                    [
                        374,
                        172
                    ],
                    [
                        380,
                        166
                    ],
                    [
                        365,
                        167
                    ],
                    [
                        350,
                        177
                    ],
                    [
                        343,
                        179
                    ],
                    [
                        289,
                        195
                    ],
                    [
                        220,
                        214
                    ],
                    [
                        174,
                        226
                    ],
                    [
                        131,
                        239
                    ],
                    [
                        0,
                        279
                    ]
                ],
                "interior": []
            }
        },
        {
            "id": 750056190,
            "classId": 2957384,
            "description": "",
            "geometryType": "polygon",
            "labelerLogin": "Nishikant",
            "createdAt": "2021-06-16T11:21:38.134Z",
            "updatedAt": "2021-06-16T11:21:38.134Z",
            "tags": [
                {
                    "id": 122578522,
                    "tagId": 29184434,
                    "name": "Yellow Lane Marking",
                    "value": "Solid",
                    "labelerLogin": "Nishikant",
                    "createdAt": "2021-06-16T11:21:38.134Z",
                    "updatedAt": "2021-06-16T11:21:38.134Z"
                }
            ],
            "classTitle": "Lane Marking",
            "points": {
                "exterior": [
                    [
                        0,
                        325
                    ],
                    [
                        36,
                        311
                    ],
                    [
                        78,
                        295
                    ],
                    [
                        158,
                        263
                    ],
                    [
                        189,
                        250
                    ],
                    [
                        209,
                        242
                    ],
                    [
                        242,
                        229
                    ],
                    [
                        255,
                        223
                    ],
                    [
                        270,
                        218
                    ],
                    [
                        288,
                        211
                    ],
                    [
                        306,
                        204
                    ],
                    [
                        320,
                        199
                    ],
                    [
                        338,
                        192
                    ],
                    [
                        351,
                        186
                    ],
                    [
                        365,
                        179
                    ],
                    [
                        369,
                        177
                    ],
                    [
                        375,
                        172
                    ],
                    [
                        382,
                        166
                    ],
                    [
                        381,
                        165
                    ],
                    [
                        374,
                        172
                    ],
                    [
                        368,
                        177
                    ],
                    [
                        351,
                        185
                    ],
                    [
                        338,
                        191
                    ],
                    [
                        330,
                        194
                    ],
                    [
                        305,
                        203
                    ],
                    [
                        288,
                        210
                    ],
                    [
                        269,
                        217
                    ],
                    [
                        254,
                        222
                    ],
                    [
                        240,
                        228
                    ],
                    [
                        208,
                        241
                    ],
                    [
                        185,
                        250
                    ],
                    [
                        156,
                        262
                    ],
                    [
                        78,
                        292
                    ],
                    [
                        33,
                        309
                    ],
                    [
                        0,
                        322
                    ]
                ],
                "interior": []
            }
        },
        {
            "id": 750056189,
            "classId": 2957383,
            "description": "",
            "geometryType": "polygon",
            "labelerLogin": "Nishikant",
            "createdAt": "2021-06-16T11:21:38.134Z",
            "updatedAt": "2021-06-16T11:21:38.134Z",
            "tags": [
                {
                    "id": 122578521,
                    "tagId": 29184437,
                    "name": "Left Arrow",
                    "value": null,
                    "labelerLogin": "Nishikant",
                    "createdAt": "2021-06-16T11:21:38.134Z",
                    "updatedAt": "2021-06-16T11:21:38.134Z"
                }
            ],
            "classTitle": "Movement Marking",
            "points": {
                "exterior": [
                    [
                        0,
                        310
                    ],
                    [
                        18,
                        306
                    ],
                    [
                        18,
                        303
                    ],
                    [
                        16,
                        295
                    ],
                    [
                        10,
                        292
                    ],
                    [
                        8,
                        292
                    ],
                    [
                        0,
                        293
                    ],
                    [
                        0,
                        286
                    ],
                    [
                        8,
                        283
                    ],
                    [
                        8,
                        280
                    ],
                    [
                        0,
                        283
                    ]
                ],
                "interior": []
            }
        }
    ]
}