{
    "description": "",
    "tags": [
        {
            "id": 107913189,
            "tagId": 29184443,
            "name": "train",
            "value": null,
            "labelerLogin": "Nishikant",
            "createdAt": "2021-06-16T11:21:38.134Z",
            "updatedAt": "2021-06-16T11:21:38.134Z"
        }
    ],
    "size": {
        "height": 590,
        "width": 1042
    },
    "objects": [
        {
            "id": 750056188,
            "classId": 2957384,
            "description": "",
            "geometryType": "polygon",
            "labelerLogin": "Nishikant",
            "createdAt": "2021-06-16T11:21:38.134Z",
            "updatedAt": "2021-06-16T11:21:38.134Z",
            "tags": [
                {
                    "id": 122578520,
                    "tagId": 29184434,
                    "name": "Yellow Lane Marking",
                    "value": "Solid",
                    "labelerLogin": "Nishikant",
                    "createdAt": "2021-06-16T11:21:38.134Z",
                    "updatedAt": "2021-06-16T11:21:38.134Z"
                }
            ],
            "classTitle": "Lane Marking",
            "points": {
                "exterior": [
                    [
                        0,
                        381
                    ],
                    [
                        264,
                        283
                    ],
                    [
                        427,
                        223
                    ],
                    [
                        504,
                        196
                    ],
                    [
                        524,
                        185
                    ],
                    [
                        537,
                        176
                    ],
                    [
                        538,
                        176
                    ],
                    [
                        525,
                        185
                    ],
                    [
                        505,
                        197
                    ],
                    [
                        427,
                        225
                    ],
                    [
                        257,
                        289
                    ],
                    [
                        0,
                        388
                    ]
                ],
                "interior": []
            }
        },
        {
            "id": 750056187,
            "classId": 2957379,
            "description": "",
            "geometryType": "polygon",
            "labelerLogin": "Nishikant",
            "createdAt": "2021-06-16T11:21:38.134Z",
            "updatedAt": "2021-06-16T11:21:38.134Z",
            "tags": [
                {
                    "id": 122578519,
                    "tagId": 29184433,
                    "name": "Crosswalk",
                    "value": "White Hatched",
                    "labelerLogin": "Nishikant",
                    "createdAt": "2021-06-16T11:21:38.134Z",
                    "updatedAt": "2021-06-16T11:21:38.134Z"
                }
            ],
            "classTitle": "Crosswalk",
            "points": {
                "exterior": [
                    [
                        488,
                        174
                    ],
                    [
                        496,
                        171
                    ],
                    [
                        506,
                        171
                    ],
                    [
                        497,
                        174
                    ]
                ],
                "interior": []
            }
        },
        {
            "id": 750056186,
            "classId": 2957379,
            "description": "",
            "geometryType": "polygon",
            "labelerLogin": "Nishikant",
            "createdAt": "2021-06-16T11:21:38.134Z",
            "updatedAt": "2021-06-16T11:21:38.134Z",
            "tags": [
                {
                    "id": 122578518,
                    "tagId": 29184433,
                    "name": "Crosswalk",
                    "value": "White Hatched",
                    "labelerLogin": "Nishikant",
                    "createdAt": "2021-06-16T11:21:38.134Z",
                    "updatedAt": "2021-06-16T11:21:38.134Z"
                }
            ],
            "classTitle": "Crosswalk",
            "points": {
                "exterior": [
                    [
                        529,
                        168
                    ],
                    [
                        554,
                        168
                    ],
                    [
                        554,
                        169
                    ],
                    [
                        528,
                        169
                    ]
                ],
                "interior": []
            }
        },
        {
            "id": 750056185,
            "classId": 2957382,
            "description": "",
            "geometryType": "polygon",
            "labelerLogin": "Nishikant",
            "createdAt": "2021-06-16T11:21:38.134Z",
            "updatedAt": "2021-06-16T11:21:38.134Z",
            "tags": [
                {
                    "id": 122578517,
                    "tagId": 29184432,
                    "name": "Travel Lane Direction",
                    "value": "Left",
                    "labelerLogin": "Nishikant",
                    "createdAt": "2021-06-16T11:21:38.134Z",
                    "updatedAt": "2021-06-16T11:21:38.134Z"
                }
            ],
            "classTitle": "Travel Lane",
            "points": {
                "exterior": [
                    [
                        0,
                        388
                    ],
                    [
                        454,
                        215
                    ],
                    [
                        505,
                        197
                    ],
                    [
                        525,
                        185
                    ],
                    [
                        537,
                        176
                    ],
                    [
                        551,
                        176
                    ],
                    [
                        548,
                        180
                    ],
                    [
                        546,
                        184
                    ],
                    [
                        545,
                        193
                    ],
                    [
                        510,
                        219
                    ],
                    [
                        501,
                        228
                    ],
                    [
                        0,
                        529
                    ]
                ],
                "interior": []
            }
        },
        {
            "id": 750056184,
            "classId": 2957382,
            "description": "",
            "geometryType": "polygon",
            "labelerLogin": "Nishikant",
            "createdAt": "2021-06-16T11:21:38.134Z",
            "updatedAt": "2021-06-16T11:21:38.134Z",
            "tags": [
                {
                    "id": 122578516,
                    "tagId": 29184432,
                    "name": "Travel Lane Direction",
                    "value": "Through",
                    "labelerLogin": "Nishikant",
                    "createdAt": "2021-06-16T11:21:38.134Z",
                    "updatedAt": "2021-06-16T11:21:38.134Z"
                }
            ],
            "classTitle": "Travel Lane",
            "points": {
                "exterior": [
                    [
                        0,
                        538
                    ],
                    [
                        478,
                        248
                    ],
                    [
                        506,
                        228
                    ],
                    [
                        515,
                        220
                    ],
                    [
                        545,
                        196
                    ],
                    [
                        547,
                        197
                    ],
                    [
                        552,
                        196
                    ],
                    [
                        558,
                        196
                    ],
                    [
                        562,
                        197
                    ],
                    [
                        565,
                        196
                    ],
                    [
                        564,
                        190
                    ],
                    [
                        564,
                        184
                    ],
                    [
                        565,
                        184
                    ],
                    [
                        566,
                        183
                    ],
                    [
                        565,
                        181
                    ],
                    [
                        564,
                        178
                    ],
                    [
                        565,
                        176
                    ],
                    [
                        582,
                        176
                    ],
                    [
                        601,
                        194
                    ],
                    [
                        618,
                        206
                    ],
                    [
                        719,
                        263
                    ],
                    [
                        862,
                        348
                    ],
                    [
                        1041,
                        454
                    ],
                    [
                        1042,
                        467
                    ],
                    [
                        1041,
                        590
                    ],
                    [
                        606,
                        589
                    ],
                    [
                        1,
                        589
                    ]
                ],
                "interior": []
            }
        },
        {
            "id": 750056183,
            "classId": 2957382,
            "description": "",
            "geometryType": "polygon",
            "labelerLogin": "Nishikant",
            "createdAt": "2021-06-16T11:21:38.134Z",
            "updatedAt": "2021-06-16T11:21:38.134Z",
            "tags": [
                {
                    "id": 122578515,
                    "tagId": 29184432,
                    "name": "Travel Lane Direction",
                    "value": "Left",
                    "labelerLogin": "Nishikant",
                    "createdAt": "2021-06-16T11:21:38.134Z",
                    "updatedAt": "2021-06-16T11:21:38.134Z"
                }
            ],
            "classTitle": "Travel Lane",
            "points": {
                "exterior": [
                    [
                        453,
                        199
                    ],
                    [
                        469,
                        195
                    ],
                    [
                        501,
                        187
                    ],
                    [
                        508,
                        183
                    ],
                    [
                        525,
                        173
                    ],
                    [
                        535,
                        176
                    ],
                    [
                        524,
                        184
                    ],
                    [
                        522,
                        185
                    ],
                    [
                        513,
                        190
                    ],
                    [
                        505,
                        194
                    ],
                    [
                        493,
                        198
                    ],
                    [
                        463,
                        208
                    ],
                    [
                        439,
                        216
                    ],
                    [
                        400,
                        229
                    ],
                    [
                        0,
                        372
                    ],
                    [
                        0,
                        310
                    ],
                    [
                        211,
                        259
                    ],
                    [
                        402,
                        212
                    ]
                ],
                "interior": []
            }
        },
        {
            "id": 750056182,
            "classId": 2957382,
            "description": "",
            "geometryType": "polygon",
            "labelerLogin": "Nishikant",
            "createdAt": "2021-06-16T11:21:38.134Z",
            "updatedAt": "2021-06-16T11:21:38.134Z",
            "tags": [
                {
                    "id": 122578514,
                    "tagId": 29184432,
                    "name": "Travel Lane Direction",
                    "value": "Through",
                    "labelerLogin": "Nishikant",
                    "createdAt": "2021-06-16T11:21:38.134Z",
                    "updatedAt": "2021-06-16T11:21:38.134Z"
                }
            ],
            "classTitle": "Travel Lane",
            "points": {
                "exterior": [
                    [
                        505,
                        173
                    ],
                    [
                        506,
                        173
                    ],
                    [
                        506,
                        175
                    ],
                    [
                        506,
                        177
                    ],
                    [
                        510,
                        177
                    ],
                    [
                        514,
                        177
                    ],
                    [
                        516,
                        177
                    ],
                    [
                        513,
                        179
                    ],
                    [
                        504,
                        184
                    ],
                    [
                        502,
                        185
                    ],
                    [
                        500,
                        186
                    ],
                    [
                        495,
                        187
                    ],
                    [
                        483,
                        190
                    ],
                    [
                        468,
                        194
                    ],
                    [
                        464,
                        195
                    ],
                    [
                        443,
                        200
                    ],
                    [
                        410,
                        208
                    ],
                    [
                        398,
                        211
                    ],
                    [
                        176,
                        264
                    ],
                    [
                        0,
                        305
                    ],
                    [
                        0,
                        256
                    ],
                    [
                        291,
                        213
                    ],
                    [
                        346,
                        204
                    ],
                    [
                        351,
                        204
                    ],
                    [
                        353,
                        208
                    ],
                    [
                        355,
                        211
                    ],
                    [
                        358,
                        213
                    ],
                    [
                        362,
                        211
                    ],
                    [
                        365,
                        210
                    ],
                    [
                        371,
                        210
                    ],
                    [
                        375,
                        210
                    ],
                    [
                        378,
                        211
                    ],
                    [
                        381,
                        212
                    ],
                    [
                        384,
                        212
                    ],
                    [
                        386,
                        212
                    ],
                    [
                        387,
                        210
                    ],
                    [
                        387,
                        207
                    ],
                    [
                        395,
                        206
                    ],
                    [
                        397,
                        206
                    ],
                    [
                        398,
                        208
                    ],
                    [
                        400,
                        209
                    ],
                    [
                        403,
                        208
                    ],
                    [
                        403,
                        204
                    ],
                    [
                        405,
                        203
                    ],
                    [
                        406,
                        201
                    ],
                    [
                        405,
                        198
                    ],
                    [
                        432,
                        193
                    ],
                    [
                        462,
                        186
                    ],
                    [
                        492,
                        179
                    ]
                ],
                "interior": []
            }
        },
        {
            "id": 750056181,
            "classId": 2957384,
            "description": "",
            "geometryType": "polygon",
            "labelerLogin": "Nishikant",
            "createdAt": "2021-06-16T11:21:38.134Z",
            "updatedAt": "2021-06-16T11:21:38.134Z",
            "tags": [
                {
                    "id": 122578513,
                    "tagId": 29184431,
                    "name": "White Lane Marking",
                    "value": "Hatched",
                    "labelerLogin": "Nishikant",
                    "createdAt": "2021-06-16T11:21:38.134Z",
                    "updatedAt": "2021-06-16T11:21:38.134Z"
                }
            ],
            "classTitle": "Lane Marking",
            "points": {
                "exterior": [
                    [
                        0,
                        538
                    ],
                    [
                        0,
                        529
                    ],
                    [
                        378,
                        302
                    ],
                    [
                        391,
                        294
                    ],
                    [
                        498,
                        230
                    ],
                    [
                        504,
                        225
                    ],
                    [
                        509,
                        220
                    ],
                    [
                        527,
                        206
                    ],
                    [
                        545,
                        193
                    ],
                    [
                        545,
                        194
                    ],
                    [
                        545,
                        196
                    ],
                    [
                        539,
                        201
                    ],
                    [
                        523,
                        214
                    ],
                    [
                        517,
                        218
                    ],
                    [
                        512,
                        223
                    ],
                    [
                        506,
                        228
                    ],
                    [
                        499,
                        233
                    ],
                    [
                        478,
                        248
                    ],
                    [
                        383,
                        306
                    ]
                ],
                "interior": []
            }
        },
        {
            "id": 750056180,
            "classId": 2957384,
            "description": "",
            "geometryType": "polygon",
            "labelerLogin": "Nishikant",
            "createdAt": "2021-06-16T11:21:38.134Z",
            "updatedAt": "2021-06-16T11:21:38.134Z",
            "tags": [
                {
                    "id": 122578512,
                    "tagId": 29184431,
                    "name": "White Lane Marking",
                    "value": "Hatched",
                    "labelerLogin": "Nishikant",
                    "createdAt": "2021-06-16T11:21:38.134Z",
                    "updatedAt": "2021-06-16T11:21:38.134Z"
                }
            ],
            "classTitle": "Lane Marking",
            "points": {
                "exterior": [
                    [
                        0,
                        305
                    ],
                    [
                        117,
                        278
                    ],
                    [
                        131,
                        275
                    ],
                    [
                        267,
                        243
                    ],
                    [
                        323,
                        229
                    ],
                    [
                        402,
                        210
                    ],
                    [
                        460,
                        196
                    ],
                    [
                        495,
                        187
                    ],
                    [
                        500,
                        186
                    ],
                    [
                        513,
                        179
                    ],
                    [
                        523,
                        173
                    ],
                    [
                        525,
                        173
                    ],
                    [
                        520,
                        176
                    ],
                    [
                        501,
                        187
                    ],
                    [
                        497,
                        188
                    ],
                    [
                        462,
                        197
                    ],
                    [
                        403,
                        212
                    ],
                    [
                        325,
                        231
                    ],
                    [
                        269,
                        245
                    ],
                    [
                        134,
                        277
                    ],
                    [
                        118,
                        281
                    ],
                    [
                        0,
                        310
                    ]
                ],
                "interior": []
            }
        },
        {
            "id": 750056179,
            "classId": 2957384,
            "description": "",
            "geometryType": "polygon",
            "labelerLogin": "Nishikant",
            "createdAt": "2021-06-16T11:21:38.134Z",
            "updatedAt": "2021-06-16T11:21:38.134Z",
            "tags": [
                {
                    "id": 122578511,
                    "tagId": 29184434,
                    "name": "Yellow Lane Marking",
                    "value": "Solid",
                    "labelerLogin": "Nishikant",
                    "createdAt": "2021-06-16T11:21:38.134Z",
                    "updatedAt": "2021-06-16T11:21:38.134Z"
                }
            ],
            "classTitle": "Lane Marking",
            "points": {
                "exterior": [
                    [
                        0,
                        380
                    ],
                    [
                        71,
                        352
                    ],
                    [
                        131,
                        330
                    ],
                    [
                        195,
                        307
                    ],
                    [
                        249,
                        287
                    ],
                    [
                        316,
                        263
                    ],
                    [
                        371,
                        243
                    ],
                    [
                        412,
                        228
                    ],
                    [
                        454,
                        213
                    ],
                    [
                        473,
                        206
                    ],
                    [
                        492,
                        200
                    ],
                    [
                        503,
                        196
                    ],
                    [
                        511,
                        192
                    ],
                    [
                        537,
                        176
                    ],
                    [
                        536,
                        176
                    ],
                    [
                        510,
                        192
                    ],
                    [
                        503,
                        195
                    ],
                    [
                        472,
                        205
                    ],
                    [
                        453,
                        212
                    ],
                    [
                        411,
                        227
                    ],
                    [
                        369,
                        242
                    ],
                    [
                        294,
                        267
                    ],
                    [
                        247,
                        284
                    ],
                    [
                        177,
                        309
                    ],
                    [
                        121,
                        329
                    ],
                    [
                        0,
                        374
                    ]
                ],
                "interior": []
            }
        },
        {
            "id": 750056178,
            "classId": 2957383,
            "description": "",
            "geometryType": "polygon",
            "labelerLogin": "Nishikant",
            "createdAt": "2021-06-16T11:21:38.134Z",
            "updatedAt": "2021-06-16T11:21:38.134Z",
            "tags": [
                {
                    "id": 122578510,
                    "tagId": 29184437,
                    "name": "Left Arrow",
                    "value": null,
                    "labelerLogin": "Nishikant",
                    "createdAt": "2021-06-16T11:21:38.134Z",
                    "updatedAt": "2021-06-16T11:21:38.134Z"
                }
            ],
            "classTitle": "Movement Marking",
            "points": {
                "exterior": [
                    [
                        493,
                        218
                    ],
                    [
                        493,
                        216
                    ],
                    [
                        492,
                        215
                    ],
                    [
                        484,
                        215
                    ],
                    [
                        476,
                        215
                    ],
                    [
                        474,
                        217
                    ],
                    [
                        472,
                        216
                    ],
                    [
                        468,
                        215
                    ],
                    [
                        464,
                        214
                    ],
                    [
                        462,
                        213
                    ],
                    [
                        472,
                        212
                    ],
                    [
                        474,
                        212
                    ],
                    [
                        481,
                        211
                    ],
                    [
                        480,
                        213
                    ],
                    [
                        480,
                        213
                    ],
                    [
                        486,
                        213
                    ],
                    [
                        494,
                        213
                    ],
                    [
                        497,
                        214
                    ],
                    [
                        499,
                        215
                    ],
                    [
                        500,
                        216
                    ],
                    [
                        500,
                        218
                    ]
                ],
                "interior": []
            }
        },
        {
            "id": 750056177,
            "classId": 2957383,
            "description": "",
            "geometryType": "polygon",
            "labelerLogin": "Nishikant",
            "createdAt": "2021-06-16T11:21:38.134Z",
            "updatedAt": "2021-06-16T11:21:38.134Z",
            "tags": [
                {
                    "id": 122578509,
                    "tagId": 29184440,
                    "name": "ONLY",
                    "value": null,
                    "labelerLogin": "Nishikant",
                    "createdAt": "2021-06-16T11:21:38.134Z",
                    "updatedAt": "2021-06-16T11:21:38.134Z"
                }
            ],
            "classTitle": "Movement Marking",
            "points": {
                "exterior": [
                    [
                        428,
                        228
                    ],
                    [
                        446,
                        229
                    ],
                    [
                        487,
                        231
                    ],
                    [
                        501,
                        223
                    ],
                    [
                        474,
                        222
                    ],
                    [
                        443,
                        220
                    ],
                    [
                        426,
                        227
                    ]
                ],
                "interior": []
            }
        },
        {
            "id": 750056176,
            "classId": 2957383,
            "description": "",
            "geometryType": "polygon",
            "labelerLogin": "Nishikant",
            "createdAt": "2021-06-16T11:21:38.134Z",
            "updatedAt": "2021-06-16T11:21:38.134Z",
            "tags": [
                {
                    "id": 122578508,
                    "tagId": 29184440,
                    "name": "ONLY",
                    "value": null,
                    "labelerLogin": "Nishikant",
                    "createdAt": "2021-06-16T11:21:38.134Z",
                    "updatedAt": "2021-06-16T11:21:38.134Z"
                }
            ],
            "classTitle": "Movement Marking",
            "points": {
                "exterior": [
                    [
                        508,
                        196
                    ],
                    [
                        534,
                        198
                    ],
                    [
                        539,
                        195
                    ],
                    [
                        513,
                        193
                    ]
                ],
                "interior": []
            }
        },
        {
            "id": 750056175,
            "classId": 2957383,
            "description": "",
            "geometryType": "polygon",
            "labelerLogin": "Nishikant",
            "createdAt": "2021-06-16T11:21:38.134Z",
            "updatedAt": "2021-06-16T11:21:38.134Z",
            "tags": [
                {
                    "id": 122578507,
                    "tagId": 29184437,
                    "name": "Left Arrow",
                    "value": null,
                    "labelerLogin": "Nishikant",
                    "createdAt": "2021-06-16T11:21:38.134Z",
                    "updatedAt": "2021-06-16T11:21:38.134Z"
                }
            ],
            "classTitle": "Movement Marking",
            "points": {
                "exterior": [
                    [
                        409,
                        213
                    ],
                    [
                        402,
                        216
                    ],
                    [
                        401,
                        217
                    ],
                    [
                        401,
                        218
                    ],
                    [
                        407,
                        218
                    ],
                    [
                        413,
                        219
                    ],
                    [
                        409,
                        220
                    ],
                    [
                        404,
                        221
                    ],
                    [
                        410,
                        222
                    ],
                    [
                        421,
                        221
                    ],
                    [
                        428,
                        220
                    ],
                    [
                        433,
                        219
                    ],
                    [
                        428,
                        217
                    ],
                    [
                        422,
                        215
                    ],
                    [
                        419,
                        217
                    ],
                    [
                        414,
                        217
                    ],
                    [
                        410,
                        217
                    ],
                    [
                        409,
                        216
                    ],
                    [
                        412,
                        216
                    ],
                    [
                        414,
                        215
                    ]
                ],
                "interior": []
            }
        },
        {
            "id": 750056174,
            "classId": 2957383,
            "description": "",
            "geometryType": "polygon",
            "labelerLogin": "Nishikant",
            "createdAt": "2021-06-16T11:21:38.134Z",
            "updatedAt": "2021-06-16T11:21:38.134Z",
            "tags": [
                {
                    "id": 122578506,
                    "tagId": 29184440,
                    "name": "ONLY",
                    "value": null,
                    "labelerLogin": "Nishikant",
                    "createdAt": "2021-06-16T11:21:38.134Z",
                    "updatedAt": "2021-06-16T11:21:38.134Z"
                }
            ],
            "classTitle": "Movement Marking",
            "points": {
                "exterior": [
                    [
                        407,
                        212
                    ],
                    [
                        427,
                        213
                    ],
                    [
                        447,
                        213
                    ],
                    [
                        461,
                        208
                    ],
                    [
                        422,
                        208
                    ],
                    [
                        408,
                        211
                    ]
                ],
                "interior": []
            }
        }
    ]
}