{
    "description": "",
    "tags": [
        {
            "id": 107912793,
            "tagId": 29184443,
            "name": "train",
            "value": null,
            "labelerLogin": "Nishikant",
            "createdAt": "2021-06-16T11:21:38.134Z",
            "updatedAt": "2021-06-16T11:21:38.134Z"
        }
    ],
    "size": {
        "height": 590,
        "width": 1042
    },
    "objects": [
        {
            "id": 750052292,
            "classId": 2957384,
            "description": "",
            "geometryType": "polygon",
            "labelerLogin": "Nishikant",
            "createdAt": "2021-06-16T11:21:38.134Z",
            "updatedAt": "2021-06-16T11:21:38.134Z",
            "tags": [
                {
                    "id": 122574709,
                    "tagId": 29184434,
                    "name": "Yellow Lane Marking",
                    "value": "Hatched",
                    "labelerLogin": "Nishikant",
                    "createdAt": "2021-06-16T11:21:38.134Z",
                    "updatedAt": "2021-06-16T11:21:38.134Z"
                }
            ],
            "classTitle": "Lane Marking",
            "points": {
                "exterior": [
                    [
                        0,
                        328
                    ],
                    [
                        240,
                        259
                    ],
                    [
                        359,
                        226
                    ],
                    [
                        365,
                        228
                    ],
                    [
                        242,
                        264
                    ],
                    [
                        0,
                        335
                    ]
                ],
                "interior": []
            }
        },
        {
            "id": 750052291,
            "classId": 2957384,
            "description": "",
            "geometryType": "polygon",
            "labelerLogin": "Nishikant",
            "createdAt": "2021-06-16T11:21:38.134Z",
            "updatedAt": "2021-06-16T11:21:38.134Z",
            "tags": [
                {
                    "id": 122574708,
                    "tagId": 29184434,
                    "name": "Yellow Lane Marking",
                    "value": "Hatched",
                    "labelerLogin": "Nishikant",
                    "createdAt": "2021-06-16T11:21:38.134Z",
                    "updatedAt": "2021-06-16T11:21:38.134Z"
                }
            ],
            "classTitle": "Lane Marking",
            "points": {
                "exterior": [
                    [
                        0,
                        431
                    ],
                    [
                        209,
                        335
                    ],
                    [
                        281,
                        302
                    ],
                    [
                        453,
                        224
                    ],
                    [
                        457,
                        224
                    ],
                    [
                        280,
                        308
                    ],
                    [
                        206,
                        344
                    ],
                    [
                        0,
                        442
                    ]
                ],
                "interior": []
            }
        },
        {
            "id": 750052290,
            "classId": 2957384,
            "description": "",
            "geometryType": "polygon",
            "labelerLogin": "Nishikant",
            "createdAt": "2021-06-16T11:21:38.134Z",
            "updatedAt": "2021-06-16T11:21:38.134Z",
            "tags": [
                {
                    "id": 122574707,
                    "tagId": 29184434,
                    "name": "Yellow Lane Marking",
                    "value": "Solid",
                    "labelerLogin": "Nishikant",
                    "createdAt": "2021-06-16T11:21:38.134Z",
                    "updatedAt": "2021-06-16T11:21:38.134Z"
                }
            ],
            "classTitle": "Lane Marking",
            "points": {
                "exterior": [
                    [
                        477,
                        211
                    ],
                    [
                        546,
                        172
                    ],
                    [
                        561,
                        166
                    ],
                    [
                        561,
                        167
                    ],
                    [
                        547,
                        173
                    ],
                    [
                        482,
                        210
                    ]
                ],
                "interior": []
            }
        },
        {
            "id": 750052289,
            "classId": 2957384,
            "description": "",
            "geometryType": "polygon",
            "labelerLogin": "Nishikant",
            "createdAt": "2021-06-16T11:21:38.134Z",
            "updatedAt": "2021-06-16T11:21:38.134Z",
            "tags": [
                {
                    "id": 122574706,
                    "tagId": 29184431,
                    "name": "White Lane Marking",
                    "value": "Solid",
                    "labelerLogin": "Nishikant",
                    "createdAt": "2021-06-16T11:21:38.134Z",
                    "updatedAt": "2021-06-16T11:21:38.134Z"
                }
            ],
            "classTitle": "Lane Marking",
            "points": {
                "exterior": [
                    [
                        435,
                        202
                    ],
                    [
                        513,
                        173
                    ],
                    [
                        533,
                        168
                    ],
                    [
                        533,
                        168
                    ],
                    [
                        514,
                        174
                    ],
                    [
                        441,
                        202
                    ]
                ],
                "interior": []
            }
        },
        {
            "id": 750052288,
            "classId": 2957379,
            "description": "",
            "geometryType": "polygon",
            "labelerLogin": "Nishikant",
            "createdAt": "2021-06-16T11:21:38.134Z",
            "updatedAt": "2021-06-16T11:21:38.134Z",
            "tags": [
                {
                    "id": 122574705,
                    "tagId": 29184433,
                    "name": "Crosswalk",
                    "value": "White Hatched",
                    "labelerLogin": "Nishikant",
                    "createdAt": "2021-06-16T11:21:38.134Z",
                    "updatedAt": "2021-06-16T11:21:38.134Z"
                }
            ],
            "classTitle": "Crosswalk",
            "points": {
                "exterior": [
                    [
                        203,
                        231
                    ],
                    [
                        274,
                        229
                    ],
                    [
                        339,
                        226
                    ],
                    [
                        363,
                        225
                    ],
                    [
                        408,
                        225
                    ],
                    [
                        452,
                        224
                    ],
                    [
                        519,
                        226
                    ],
                    [
                        565,
                        225
                    ],
                    [
                        728,
                        228
                    ],
                    [
                        700,
                        215
                    ],
                    [
                        606,
                        211
                    ],
                    [
                        512,
                        210
                    ],
                    [
                        416,
                        211
                    ],
                    [
                        364,
                        213
                    ],
                    [
                        341,
                        213
                    ],
                    [
                        262,
                        216
                    ],
                    [
                        182,
                        230
                    ]
                ],
                "interior": []
            }
        },
        {
            "id": 750052287,
            "classId": 2957379,
            "description": "",
            "geometryType": "polygon",
            "labelerLogin": "Nishikant",
            "createdAt": "2021-06-16T11:21:38.134Z",
            "updatedAt": "2021-06-16T11:21:38.134Z",
            "tags": [
                {
                    "id": 122574704,
                    "tagId": 29184433,
                    "name": "Crosswalk",
                    "value": "White Hatched",
                    "labelerLogin": "Nishikant",
                    "createdAt": "2021-06-16T11:21:38.134Z",
                    "updatedAt": "2021-06-16T11:21:38.134Z"
                }
            ],
            "classTitle": "Crosswalk",
            "points": {
                "exterior": [
                    [
                        103,
                        247
                    ],
                    [
                        179,
                        232
                    ],
                    [
                        159,
                        232
                    ],
                    [
                        96,
                        239
                    ],
                    [
                        93,
                        240
                    ],
                    [
                        95,
                        244
                    ]
                ],
                "interior": []
            }
        },
        {
            "id": 750052286,
            "classId": 2957379,
            "description": "",
            "geometryType": "polygon",
            "labelerLogin": "Nishikant",
            "createdAt": "2021-06-16T11:21:38.134Z",
            "updatedAt": "2021-06-16T11:21:38.134Z",
            "tags": [
                {
                    "id": 122574703,
                    "tagId": 29184433,
                    "name": "Crosswalk",
                    "value": "White Hatched",
                    "labelerLogin": "Nishikant",
                    "createdAt": "2021-06-16T11:21:38.134Z",
                    "updatedAt": "2021-06-16T11:21:38.134Z"
                }
            ],
            "classTitle": "Crosswalk",
            "points": {
                "exterior": [
                    [
                        758,
                        234
                    ],
                    [
                        891,
                        235
                    ],
                    [
                        1019,
                        261
                    ],
                    [
                        1041,
                        273
                    ],
                    [
                        1041,
                        365
                    ],
                    [
                        757,
                        236
                    ]
                ],
                "interior": []
            }
        },
        {
            "id": 750052285,
            "classId": 2957382,
            "description": "",
            "geometryType": "polygon",
            "labelerLogin": "Nishikant",
            "createdAt": "2021-06-16T11:21:38.134Z",
            "updatedAt": "2021-06-16T11:21:38.134Z",
            "tags": [
                {
                    "id": 122574702,
                    "tagId": 29184432,
                    "name": "Travel Lane Direction",
                    "value": "Right",
                    "labelerLogin": "Nishikant",
                    "createdAt": "2021-06-16T11:21:38.134Z",
                    "updatedAt": "2021-06-16T11:21:38.134Z"
                }
            ],
            "classTitle": "Travel Lane",
            "points": {
                "exterior": [
                    [
                        442,
                        202
                    ],
                    [
                        512,
                        175
                    ],
                    [
                        536,
                        167
                    ],
                    [
                        548,
                        165
                    ],
                    [
                        559,
                        166
                    ],
                    [
                        545,
                        171
                    ],
                    [
                        540,
                        174
                    ],
                    [
                        503,
                        194
                    ],
                    [
                        488,
                        202
                    ]
                ],
                "interior": []
            }
        },
        {
            "id": 750052284,
            "classId": 2957382,
            "description": "",
            "geometryType": "polygon",
            "labelerLogin": "Nishikant",
            "createdAt": "2021-06-16T11:21:38.134Z",
            "updatedAt": "2021-06-16T11:21:38.134Z",
            "tags": [
                {
                    "id": 122574701,
                    "tagId": 29184432,
                    "name": "Travel Lane Direction",
                    "value": "Through",
                    "labelerLogin": "Nishikant",
                    "createdAt": "2021-06-16T11:21:38.134Z",
                    "updatedAt": "2021-06-16T11:21:38.134Z"
                }
            ],
            "classTitle": "Travel Lane",
            "points": {
                "exterior": [
                    [
                        482,
                        210
                    ],
                    [
                        547,
                        173
                    ],
                    [
                        556,
                        169
                    ],
                    [
                        561,
                        166
                    ],
                    [
                        569,
                        164
                    ],
                    [
                        582,
                        163
                    ],
                    [
                        584,
                        164
                    ],
                    [
                        584,
                        165
                    ],
                    [
                        584,
                        166
                    ],
                    [
                        583,
                        170
                    ],
                    [
                        582,
                        174
                    ],
                    [
                        582,
                        179
                    ],
                    [
                        583,
                        183
                    ],
                    [
                        591,
                        183
                    ],
                    [
                        604,
                        183
                    ],
                    [
                        606,
                        183
                    ],
                    [
                        606,
                        176
                    ],
                    [
                        606,
                        169
                    ],
                    [
                        606,
                        167
                    ],
                    [
                        611,
                        167
                    ],
                    [
                        613,
                        165
                    ],
                    [
                        625,
                        165
                    ],
                    [
                        631,
                        167
                    ],
                    [
                        635,
                        169
                    ],
                    [
                        643,
                        174
                    ],
                    [
                        649,
                        178
                    ],
                    [
                        661,
                        186
                    ],
                    [
                        673,
                        194
                    ],
                    [
                        686,
                        205
                    ],
                    [
                        700,
                        215
                    ],
                    [
                        664,
                        213
                    ],
                    [
                        611,
                        210
                    ],
                    [
                        552,
                        210
                    ]
                ],
                "interior": []
            }
        },
        {
            "id": 750052283,
            "classId": 2957382,
            "description": "",
            "geometryType": "polygon",
            "labelerLogin": "Nishikant",
            "createdAt": "2021-06-16T11:21:38.134Z",
            "updatedAt": "2021-06-16T11:21:38.134Z",
            "tags": [
                {
                    "id": 122574700,
                    "tagId": 29184432,
                    "name": "Travel Lane Direction",
                    "value": "Through",
                    "labelerLogin": "Nishikant",
                    "createdAt": "2021-06-16T11:21:38.134Z",
                    "updatedAt": "2021-06-16T11:21:38.134Z"
                }
            ],
            "classTitle": "Travel Lane",
            "points": {
                "exterior": [
                    [
                        418,
                        202
                    ],
                    [
                        419,
                        198
                    ],
                    [
                        420,
                        196
                    ],
                    [
                        420,
                        189
                    ],
                    [
                        419,
                        185
                    ],
                    [
                        416,
                        182
                    ],
                    [
                        432,
                        179
                    ],
                    [
                        458,
                        174
                    ],
                    [
                        481,
                        169
                    ],
                    [
                        482,
                        171
                    ],
                    [
                        482,
                        175
                    ],
                    [
                        487,
                        176
                    ],
                    [
                        496,
                        175
                    ],
                    [
                        499,
                        176
                    ],
                    [
                        501,
                        175
                    ],
                    [
                        505,
                        174
                    ],
                    [
                        506,
                        170
                    ],
                    [
                        507,
                        167
                    ],
                    [
                        507,
                        165
                    ],
                    [
                        524,
                        164
                    ],
                    [
                        535,
                        164
                    ],
                    [
                        540,
                        164
                    ],
                    [
                        545,
                        164
                    ],
                    [
                        511,
                        173
                    ],
                    [
                        488,
                        182
                    ],
                    [
                        435,
                        202
                    ],
                    [
                        419,
                        203
                    ]
                ],
                "interior": []
            }
        },
        {
            "id": 750052282,
            "classId": 2957382,
            "description": "",
            "geometryType": "polygon",
            "labelerLogin": "Nishikant",
            "createdAt": "2021-06-16T11:21:38.134Z",
            "updatedAt": "2021-06-16T11:21:38.134Z",
            "tags": [
                {
                    "id": 122574699,
                    "tagId": 29184432,
                    "name": "Travel Lane Direction",
                    "value": "Through",
                    "labelerLogin": "Nishikant",
                    "createdAt": "2021-06-16T11:21:38.134Z",
                    "updatedAt": "2021-06-16T11:21:38.134Z"
                }
            ],
            "classTitle": "Travel Lane",
            "points": {
                "exterior": [
                    [
                        902,
                        236
                    ],
                    [
                        987,
                        253
                    ],
                    [
                        1018,
                        258
                    ],
                    [
                        1041,
                        271
                    ],
                    [
                        1042,
                        245
                    ],
                    [
                        1041,
                        231
                    ],
                    [
                        1015,
                        231
                    ],
                    [
                        1007,
                        235
                    ],
                    [
                        1001,
                        240
                    ],
                    [
                        987,
                        237
                    ],
                    [
                        974,
                        234
                    ],
                    [
                        953,
                        235
                    ],
                    [
                        947,
                        236
                    ],
                    [
                        936,
                        237
                    ],
                    [
                        932,
                        233
                    ]
                ],
                "interior": []
            }
        },
        {
            "id": 750052281,
            "classId": 2957382,
            "description": "",
            "geometryType": "polygon",
            "labelerLogin": "Nishikant",
            "createdAt": "2021-06-16T11:21:38.134Z",
            "updatedAt": "2021-06-16T11:21:38.134Z",
            "tags": [
                {
                    "id": 122574698,
                    "tagId": 29184432,
                    "name": "Travel Lane Direction",
                    "value": "Through",
                    "labelerLogin": "Nishikant",
                    "createdAt": "2021-06-16T11:21:38.134Z",
                    "updatedAt": "2021-06-16T11:21:38.134Z"
                }
            ],
            "classTitle": "Travel Lane",
            "points": {
                "exterior": [
                    [
                        0,
                        442
                    ],
                    [
                        187,
                        353
                    ],
                    [
                        388,
                        257
                    ],
                    [
                        449,
                        228
                    ],
                    [
                        747,
                        232
                    ],
                    [
                        794,
                        255
                    ],
                    [
                        949,
                        324
                    ],
                    [
                        1041,
                        367
                    ],
                    [
                        1042,
                        512
                    ],
                    [
                        1041,
                        589
                    ],
                    [
                        414,
                        589
                    ],
                    [
                        0,
                        590
                    ]
                ],
                "interior": []
            }
        },
        {
            "id": 750052280,
            "classId": 2957382,
            "description": "",
            "geometryType": "polygon",
            "labelerLogin": "Nishikant",
            "createdAt": "2021-06-16T11:21:38.134Z",
            "updatedAt": "2021-06-16T11:21:38.134Z",
            "tags": [
                {
                    "id": 122574697,
                    "tagId": 29184432,
                    "name": "Travel Lane Direction",
                    "value": "Through",
                    "labelerLogin": "Nishikant",
                    "createdAt": "2021-06-16T11:21:38.134Z",
                    "updatedAt": "2021-06-16T11:21:38.134Z"
                }
            ],
            "classTitle": "Travel Lane",
            "points": {
                "exterior": [
                    [
                        0,
                        335
                    ],
                    [
                        368,
                        227
                    ],
                    [
                        446,
                        225
                    ],
                    [
                        356,
                        264
                    ],
                    [
                        182,
                        341
                    ],
                    [
                        85,
                        382
                    ],
                    [
                        0,
                        417
                    ],
                    [
                        0,
                        340
                    ]
                ],
                "interior": []
            }
        },
        {
            "id": 750052279,
            "classId": 2957382,
            "description": "",
            "geometryType": "polygon",
            "labelerLogin": "Nishikant",
            "createdAt": "2021-06-16T11:21:38.134Z",
            "updatedAt": "2021-06-16T11:21:38.134Z",
            "tags": [
                {
                    "id": 122574696,
                    "tagId": 29184432,
                    "name": "Travel Lane Direction",
                    "value": "Through",
                    "labelerLogin": "Nishikant",
                    "createdAt": "2021-06-16T11:21:38.134Z",
                    "updatedAt": "2021-06-16T11:21:38.134Z"
                }
            ],
            "classTitle": "Travel Lane",
            "points": {
                "exterior": [
                    [
                        1,
                        275
                    ],
                    [
                        98,
                        263
                    ],
                    [
                        102,
                        256
                    ],
                    [
                        101,
                        249
                    ],
                    [
                        182,
                        231
                    ],
                    [
                        217,
                        232
                    ],
                    [
                        246,
                        231
                    ],
                    [
                        322,
                        228
                    ],
                    [
                        355,
                        226
                    ],
                    [
                        339,
                        231
                    ],
                    [
                        231,
                        261
                    ],
                    [
                        105,
                        297
                    ],
                    [
                        0,
                        327
                    ]
                ],
                "interior": []
            }
        },
        {
            "id": 750052278,
            "classId": 2957384,
            "description": "",
            "geometryType": "polygon",
            "labelerLogin": "Nishikant",
            "createdAt": "2021-06-16T11:21:38.134Z",
            "updatedAt": "2021-06-16T11:21:38.134Z",
            "tags": [
                {
                    "id": 122574695,
                    "tagId": 29184434,
                    "name": "Yellow Lane Marking",
                    "value": "Hatched",
                    "labelerLogin": "Nishikant",
                    "createdAt": "2021-06-16T11:21:38.134Z",
                    "updatedAt": "2021-06-16T11:21:38.134Z"
                }
            ],
            "classTitle": "Lane Marking",
            "points": {
                "exterior": [
                    [
                        0,
                        425
                    ],
                    [
                        118,
                        375
                    ],
                    [
                        220,
                        328
                    ],
                    [
                        285,
                        299
                    ],
                    [
                        380,
                        256
                    ],
                    [
                        449,
                        225
                    ],
                    [
                        446,
                        225
                    ],
                    [
                        377,
                        255
                    ],
                    [
                        283,
                        296
                    ],
                    [
                        220,
                        324
                    ],
                    [
                        107,
                        373
                    ],
                    [
                        0,
                        417
                    ]
                ],
                "interior": []
            }
        },
        {
            "id": 750052277,
            "classId": 2957384,
            "description": "",
            "geometryType": "polygon",
            "labelerLogin": "Nishikant",
            "createdAt": "2021-06-16T11:21:38.134Z",
            "updatedAt": "2021-06-16T11:21:38.134Z",
            "tags": [
                {
                    "id": 122574694,
                    "tagId": 29184434,
                    "name": "Yellow Lane Marking",
                    "value": "Solid",
                    "labelerLogin": "Nishikant",
                    "createdAt": "2021-06-16T11:21:38.134Z",
                    "updatedAt": "2021-06-16T11:21:38.134Z"
                }
            ],
            "classTitle": "Lane Marking",
            "points": {
                "exterior": [
                    [
                        477,
                        210
                    ],
                    [
                        497,
                        199
                    ],
                    [
                        509,
                        192
                    ],
                    [
                        522,
                        185
                    ],
                    [
                        542,
                        174
                    ],
                    [
                        545,
                        172
                    ],
                    [
                        560,
                        166
                    ],
                    [
                        559,
                        166
                    ],
                    [
                        545,
                        171
                    ],
                    [
                        538,
                        175
                    ],
                    [
                        520,
                        185
                    ],
                    [
                        509,
                        191
                    ],
                    [
                        489,
                        202
                    ],
                    [
                        473,
                        210
                    ]
                ],
                "interior": []
            }
        },
        {
            "id": 750052276,
            "classId": 2957383,
            "description": "",
            "geometryType": "polygon",
            "labelerLogin": "Nishikant",
            "createdAt": "2021-06-16T11:21:38.134Z",
            "updatedAt": "2021-06-16T11:21:38.134Z",
            "tags": [
                {
                    "id": 122574693,
                    "tagId": 29184437,
                    "name": "Left Arrow",
                    "value": null,
                    "labelerLogin": "Nishikant",
                    "createdAt": "2021-06-16T11:21:38.134Z",
                    "updatedAt": "2021-06-16T11:21:38.134Z"
                }
            ],
            "classTitle": "Movement Marking",
            "points": {
                "exterior": [
                    [
                        489,
                        187
                    ],
                    [
                        488,
                        188
                    ],
                    [
                        488,
                        189
                    ],
                    [
                        494,
                        189
                    ],
                    [
                        496,
                        189
                    ],
                    [
                        496,
                        186
                    ],
                    [
                        507,
                        191
                    ],
                    [
                        496,
                        195
                    ],
                    [
                        496,
                        191
                    ],
                    [
                        490,
                        191
                    ],
                    [
                        485,
                        191
                    ],
                    [
                        482,
                        190
                    ],
                    [
                        481,
                        189
                    ],
                    [
                        485,
                        186
                    ],
                    [
                        489,
                        186
                    ]
                ],
                "interior": []
            }
        },
        {
            "id": 750052275,
            "classId": 2957380,
            "description": "",
            "geometryType": "polygon",
            "labelerLogin": "Nishikant",
            "createdAt": "2021-06-16T11:21:38.134Z",
            "updatedAt": "2021-06-16T11:21:38.134Z",
            "tags": [
                {
                    "id": 122574692,
                    "tagId": 29184441,
                    "name": "Stop Bar",
                    "value": null,
                    "labelerLogin": "Nishikant",
                    "createdAt": "2021-06-16T11:21:38.134Z",
                    "updatedAt": "2021-06-16T11:21:38.134Z"
                }
            ],
            "classTitle": "Stop Bar",
            "points": {
                "exterior": [
                    [
                        309,
                        208
                    ],
                    [
                        336,
                        208
                    ],
                    [
                        358,
                        207
                    ],
                    [
                        358,
                        205
                    ],
                    [
                        334,
                        205
                    ],
                    [
                        312,
                        205
                    ],
                    [
                        308,
                        207
                    ]
                ],
                "interior": []
            }
        },
        {
            "id": 750052274,
            "classId": 2957380,
            "description": "",
            "geometryType": "polygon",
            "labelerLogin": "Nishikant",
            "createdAt": "2021-06-16T11:21:38.134Z",
            "updatedAt": "2021-06-16T11:21:38.134Z",
            "tags": [
                {
                    "id": 122574691,
                    "tagId": 29184441,
                    "name": "Stop Bar",
                    "value": null,
                    "labelerLogin": "Nishikant",
                    "createdAt": "2021-06-16T11:21:38.134Z",
                    "updatedAt": "2021-06-16T11:21:38.134Z"
                }
            ],
            "classTitle": "Stop Bar",
            "points": {
                "exterior": [
                    [
                        407,
                        205
                    ],
                    [
                        424,
                        205
                    ],
                    [
                        453,
                        204
                    ],
                    [
                        484,
                        204
                    ],
                    [
                        489,
                        202
                    ],
                    [
                        461,
                        201
                    ],
                    [
                        439,
                        202
                    ],
                    [
                        409,
                        202
                    ]
                ],
                "interior": []
            }
        }
    ]
}