{
    "description": "",
    "tags": [
        {
            "id": 107913192,
            "tagId": 29184443,
            "name": "train",
            "value": null,
            "labelerLogin": "Nishikant",
            "createdAt": "2021-06-16T11:21:38.134Z",
            "updatedAt": "2021-06-16T11:21:38.134Z"
        }
    ],
    "size": {
        "height": 590,
        "width": 1042
    },
    "objects": [
        {
            "id": 750057150,
            "classId": 2957384,
            "description": "",
            "geometryType": "polygon",
            "labelerLogin": "Nishikant",
            "createdAt": "2021-06-16T11:21:38.134Z",
            "updatedAt": "2021-06-16T11:21:38.134Z",
            "tags": [
                {
                    "id": 122579478,
                    "tagId": 29184431,
                    "name": "White Lane Marking",
                    "value": "Hatched",
                    "labelerLogin": "Nishikant",
                    "createdAt": "2021-06-16T11:21:38.134Z",
                    "updatedAt": "2021-06-16T11:21:38.134Z"
                }
            ],
            "classTitle": "Lane Marking",
            "points": {
                "exterior": [
                    [
                        27,
                        589
                    ],
                    [
                        362,
                        239
                    ],
                    [
                        395,
                        203
                    ],
                    [
                        408,
                        187
                    ],
                    [
                        417,
                        174
                    ],
                    [
                        417,
                        177
                    ],
                    [
                        410,
                        188
                    ],
                    [
                        398,
                        204
                    ],
                    [
                        366,
                        241
                    ],
                    [
                        59,
                        589
                    ]
                ],
                "interior": []
            }
        },
        {
            "id": 750057149,
            "classId": 2957384,
            "description": "",
            "geometryType": "polygon",
            "labelerLogin": "Nishikant",
            "createdAt": "2021-06-16T11:21:38.134Z",
            "updatedAt": "2021-06-16T11:21:38.134Z",
            "tags": [
                {
                    "id": 122579477,
                    "tagId": 29184431,
                    "name": "White Lane Marking",
                    "value": "Hatched",
                    "labelerLogin": "Nishikant",
                    "createdAt": "2021-06-16T11:21:38.134Z",
                    "updatedAt": "2021-06-16T11:21:38.134Z"
                }
            ],
            "classTitle": "Lane Marking",
            "points": {
                "exterior": [
                    [
                        0,
                        282
                    ],
                    [
                        309,
                        195
                    ],
                    [
                        383,
                        168
                    ],
                    [
                        385,
                        168
                    ],
                    [
                        314,
                        195
                    ],
                    [
                        0,
                        292
                    ]
                ],
                "interior": []
            }
        },
        {
            "id": 750057148,
            "classId": 2957384,
            "description": "",
            "geometryType": "polygon",
            "labelerLogin": "Nishikant",
            "createdAt": "2021-06-16T11:21:38.134Z",
            "updatedAt": "2021-06-16T11:21:38.134Z",
            "tags": [
                {
                    "id": 122579476,
                    "tagId": 29184434,
                    "name": "Yellow Lane Marking",
                    "value": "Solid",
                    "labelerLogin": "Nishikant",
                    "createdAt": "2021-06-16T11:21:38.134Z",
                    "updatedAt": "2021-06-16T11:21:38.134Z"
                }
            ],
            "classTitle": "Lane Marking",
            "points": {
                "exterior": [
                    [
                        0,
                        349
                    ],
                    [
                        236,
                        247
                    ],
                    [
                        323,
                        209
                    ],
                    [
                        371,
                        187
                    ],
                    [
                        381,
                        181
                    ],
                    [
                        404,
                        166
                    ],
                    [
                        404,
                        167
                    ],
                    [
                        376,
                        185
                    ],
                    [
                        373,
                        187
                    ],
                    [
                        309,
                        217
                    ],
                    [
                        236,
                        249
                    ],
                    [
                        0,
                        355
                    ]
                ],
                "interior": []
            }
        },
        {
            "id": 750057147,
            "classId": 2957379,
            "description": "",
            "geometryType": "polygon",
            "labelerLogin": "Nishikant",
            "createdAt": "2021-06-16T11:21:38.134Z",
            "updatedAt": "2021-06-16T11:21:38.134Z",
            "tags": [
                {
                    "id": 122579475,
                    "tagId": 29184433,
                    "name": "Crosswalk",
                    "value": "White Hatched",
                    "labelerLogin": "Nishikant",
                    "createdAt": "2021-06-16T11:21:38.134Z",
                    "updatedAt": "2021-06-16T11:21:38.134Z"
                }
            ],
            "classTitle": "Crosswalk",
            "points": {
                "exterior": [
                    [
                        353,
                        162
                    ],
                    [
                        357,
                        161
                    ],
                    [
                        365,
                        161
                    ],
                    [
                        356,
                        165
                    ]
                ],
                "interior": []
            }
        },
        {
            "id": 750057146,
            "classId": 2957379,
            "description": "",
            "geometryType": "polygon",
            "labelerLogin": "Nishikant",
            "createdAt": "2021-06-16T11:21:38.134Z",
            "updatedAt": "2021-06-16T11:21:38.134Z",
            "tags": [
                {
                    "id": 122579474,
                    "tagId": 29184433,
                    "name": "Crosswalk",
                    "value": "White Hatched",
                    "labelerLogin": "Nishikant",
                    "createdAt": "2021-06-16T11:21:38.134Z",
                    "updatedAt": "2021-06-16T11:21:38.134Z"
                }
            ],
            "classTitle": "Crosswalk",
            "points": {
                "exterior": [
                    [
                        383,
                        158
                    ],
                    [
                        397,
                        158
                    ],
                    [
                        397,
                        160
                    ],
                    [
                        382,
                        160
                    ]
                ],
                "interior": []
            }
        },
        {
            "id": 750057145,
            "classId": 2957379,
            "description": "",
            "geometryType": "polygon",
            "labelerLogin": "Nishikant",
            "createdAt": "2021-06-16T11:21:38.134Z",
            "updatedAt": "2021-06-16T11:21:38.134Z",
            "tags": [
                {
                    "id": 122579473,
                    "tagId": 29184433,
                    "name": "Crosswalk",
                    "value": "White Hatched",
                    "labelerLogin": "Nishikant",
                    "createdAt": "2021-06-16T11:21:38.134Z",
                    "updatedAt": "2021-06-16T11:21:38.134Z"
                }
            ],
            "classTitle": "Crosswalk",
            "points": {
                "exterior": [
                    [
                        408,
                        157
                    ],
                    [
                        423,
                        157
                    ],
                    [
                        423,
                        159
                    ],
                    [
                        408,
                        159
                    ]
                ],
                "interior": []
            }
        },
        {
            "id": 750057144,
            "classId": 2957379,
            "description": "",
            "geometryType": "polygon",
            "labelerLogin": "Nishikant",
            "createdAt": "2021-06-16T11:21:38.134Z",
            "updatedAt": "2021-06-16T11:21:38.134Z",
            "tags": [
                {
                    "id": 122579472,
                    "tagId": 29184433,
                    "name": "Crosswalk",
                    "value": "White Hatched",
                    "labelerLogin": "Nishikant",
                    "createdAt": "2021-06-16T11:21:38.134Z",
                    "updatedAt": "2021-06-16T11:21:38.134Z"
                }
            ],
            "classTitle": "Crosswalk",
            "points": {
                "exterior": [
                    [
                        438,
                        158
                    ],
                    [
                        449,
                        158
                    ],
                    [
                        450,
                        160
                    ],
                    [
                        439,
                        160
                    ]
                ],
                "interior": []
            }
        },
        {
            "id": 750057143,
            "classId": 2957382,
            "description": "",
            "geometryType": "polygon",
            "labelerLogin": "Nishikant",
            "createdAt": "2021-06-16T11:21:38.134Z",
            "updatedAt": "2021-06-16T11:21:38.134Z",
            "tags": [
                {
                    "id": 122579471,
                    "tagId": 29184432,
                    "name": "Travel Lane Direction",
                    "value": "Left",
                    "labelerLogin": "Nishikant",
                    "createdAt": "2021-06-16T11:21:38.134Z",
                    "updatedAt": "2021-06-16T11:21:38.134Z"
                }
            ],
            "classTitle": "Travel Lane",
            "points": {
                "exterior": [
                    [
                        0,
                        355
                    ],
                    [
                        241,
                        247
                    ],
                    [
                        322,
                        211
                    ],
                    [
                        345,
                        200
                    ],
                    [
                        373,
                        187
                    ],
                    [
                        404,
                        167
                    ],
                    [
                        418,
                        169
                    ],
                    [
                        417,
                        172
                    ],
                    [
                        417,
                        173
                    ],
                    [
                        414,
                        178
                    ],
                    [
                        411,
                        183
                    ],
                    [
                        408,
                        187
                    ],
                    [
                        401,
                        196
                    ],
                    [
                        396,
                        202
                    ],
                    [
                        392,
                        206
                    ],
                    [
                        385,
                        214
                    ],
                    [
                        362,
                        239
                    ],
                    [
                        321,
                        282
                    ],
                    [
                        145,
                        466
                    ],
                    [
                        27,
                        589
                    ],
                    [
                        0,
                        589
                    ]
                ],
                "interior": []
            }
        },
        {
            "id": 750057142,
            "classId": 2957382,
            "description": "",
            "geometryType": "polygon",
            "labelerLogin": "Nishikant",
            "createdAt": "2021-06-16T11:21:38.134Z",
            "updatedAt": "2021-06-16T11:21:38.134Z",
            "tags": [
                {
                    "id": 122579470,
                    "tagId": 29184432,
                    "name": "Travel Lane Direction",
                    "value": "Left",
                    "labelerLogin": "Nishikant",
                    "createdAt": "2021-06-16T11:21:38.134Z",
                    "updatedAt": "2021-06-16T11:21:38.134Z"
                }
            ],
            "classTitle": "Travel Lane",
            "points": {
                "exterior": [
                    [
                        0,
                        292
                    ],
                    [
                        239,
                        218
                    ],
                    [
                        314,
                        195
                    ],
                    [
                        343,
                        184
                    ],
                    [
                        385,
                        168
                    ],
                    [
                        393,
                        165
                    ],
                    [
                        401,
                        166
                    ],
                    [
                        389,
                        174
                    ],
                    [
                        382,
                        178
                    ],
                    [
                        369,
                        186
                    ],
                    [
                        354,
                        193
                    ],
                    [
                        340,
                        199
                    ],
                    [
                        307,
                        214
                    ],
                    [
                        250,
                        238
                    ],
                    [
                        174,
                        269
                    ],
                    [
                        0,
                        340
                    ]
                ],
                "interior": []
            }
        },
        {
            "id": 750057141,
            "classId": 2957382,
            "description": "",
            "geometryType": "polygon",
            "labelerLogin": "Nishikant",
            "createdAt": "2021-06-16T11:21:38.134Z",
            "updatedAt": "2021-06-16T11:21:38.134Z",
            "tags": [
                {
                    "id": 122579469,
                    "tagId": 29184432,
                    "name": "Travel Lane Direction",
                    "value": "Through",
                    "labelerLogin": "Nishikant",
                    "createdAt": "2021-06-16T11:21:38.134Z",
                    "updatedAt": "2021-06-16T11:21:38.134Z"
                }
            ],
            "classTitle": "Travel Lane",
            "points": {
                "exterior": [
                    [
                        0,
                        239
                    ],
                    [
                        206,
                        201
                    ],
                    [
                        265,
                        190
                    ],
                    [
                        290,
                        184
                    ],
                    [
                        320,
                        176
                    ],
                    [
                        336,
                        171
                    ],
                    [
                        337,
                        174
                    ],
                    [
                        338,
                        177
                    ],
                    [
                        345,
                        177
                    ],
                    [
                        352,
                        177
                    ],
                    [
                        356,
                        176
                    ],
                    [
                        357,
                        171
                    ],
                    [
                        356,
                        165
                    ],
                    [
                        364,
                        162
                    ],
                    [
                        370,
                        161
                    ],
                    [
                        370,
                        167
                    ],
                    [
                        373,
                        167
                    ],
                    [
                        379,
                        167
                    ],
                    [
                        384,
                        167
                    ],
                    [
                        380,
                        169
                    ],
                    [
                        358,
                        177
                    ],
                    [
                        345,
                        182
                    ],
                    [
                        309,
                        195
                    ],
                    [
                        274,
                        205
                    ],
                    [
                        221,
                        220
                    ],
                    [
                        49,
                        268
                    ],
                    [
                        0,
                        282
                    ]
                ],
                "interior": []
            }
        },
        {
            "id": 750057140,
            "classId": 2957382,
            "description": "",
            "geometryType": "polygon",
            "labelerLogin": "Nishikant",
            "createdAt": "2021-06-16T11:21:38.134Z",
            "updatedAt": "2021-06-16T11:21:38.134Z",
            "tags": [
                {
                    "id": 122579468,
                    "tagId": 29184432,
                    "name": "Travel Lane Direction",
                    "value": "Through",
                    "labelerLogin": "Nishikant",
                    "createdAt": "2021-06-16T11:21:38.134Z",
                    "updatedAt": "2021-06-16T11:21:38.134Z"
                }
            ],
            "classTitle": "Travel Lane",
            "points": {
                "exterior": [
                    [
                        73,
                        574
                    ],
                    [
                        268,
                        352
                    ],
                    [
                        397,
                        205
                    ],
                    [
                        410,
                        188
                    ],
                    [
                        415,
                        180
                    ],
                    [
                        417,
                        180
                    ],
                    [
                        418,
                        186
                    ],
                    [
                        422,
                        187
                    ],
                    [
                        436,
                        186
                    ],
                    [
                        438,
                        186
                    ],
                    [
                        438,
                        177
                    ],
                    [
                        437,
                        173
                    ],
                    [
                        438,
                        171
                    ],
                    [
                        436,
                        170
                    ],
                    [
                        436,
                        168
                    ],
                    [
                        455,
                        168
                    ],
                    [
                        457,
                        168
                    ],
                    [
                        472,
                        180
                    ],
                    [
                        488,
                        192
                    ],
                    [
                        537,
                        223
                    ],
                    [
                        612,
                        263
                    ],
                    [
                        664,
                        293
                    ],
                    [
                        944,
                        447
                    ],
                    [
                        1041,
                        505
                    ],
                    [
                        1041,
                        589
                    ],
                    [
                        593,
                        589
                    ],
                    [
                        59,
                        589
                    ]
                ],
                "interior": []
            }
        },
        {
            "id": 750057139,
            "classId": 2957379,
            "description": "",
            "geometryType": "polygon",
            "labelerLogin": "Nishikant",
            "createdAt": "2021-06-16T11:21:38.134Z",
            "updatedAt": "2021-06-16T11:21:38.134Z",
            "tags": [
                {
                    "id": 122579467,
                    "tagId": 29184433,
                    "name": "Crosswalk",
                    "value": "White Hatched",
                    "labelerLogin": "Nishikant",
                    "createdAt": "2021-06-16T11:21:38.134Z",
                    "updatedAt": "2021-06-16T11:21:38.134Z"
                }
            ],
            "classTitle": "Crosswalk",
            "points": {
                "exterior": [
                    [
                        457,
                        166
                    ],
                    [
                        454,
                        163
                    ],
                    [
                        465,
                        163
                    ],
                    [
                        465,
                        164
                    ],
                    [
                        465,
                        166
                    ]
                ],
                "interior": []
            }
        },
        {
            "id": 750057138,
            "classId": 2957382,
            "description": "",
            "geometryType": "polygon",
            "labelerLogin": "Nishikant",
            "createdAt": "2021-06-16T11:21:38.134Z",
            "updatedAt": "2021-06-16T11:21:38.134Z",
            "tags": [
                {
                    "id": 122579466,
                    "tagId": 29184432,
                    "name": "Travel Lane Direction",
                    "value": "Through",
                    "labelerLogin": "Nishikant",
                    "createdAt": "2021-06-16T11:21:38.134Z",
                    "updatedAt": "2021-06-16T11:21:38.134Z"
                }
            ],
            "classTitle": "Travel Lane",
            "points": {
                "exterior": [
                    [
                        403,
                        166
                    ],
                    [
                        424,
                        166
                    ],
                    [
                        424,
                        159
                    ],
                    [
                        408,
                        159
                    ],
                    [
                        407,
                        161
                    ],
                    [
                        407,
                        162
                    ],
                    [
                        400,
                        162
                    ],
                    [
                        398,
                        162
                    ],
                    [
                        398,
                        160
                    ],
                    [
                        390,
                        160
                    ],
                    [
                        382,
                        160
                    ],
                    [
                        382,
                        164
                    ],
                    [
                        383,
                        165
                    ],
                    [
                        386,
                        165
                    ],
                    [
                        389,
                        165
                    ],
                    [
                        394,
                        165
                    ]
                ],
                "interior": []
            }
        },
        {
            "id": 750057137,
            "classId": 2957382,
            "description": "",
            "geometryType": "polygon",
            "labelerLogin": "Nishikant",
            "createdAt": "2021-06-16T11:21:38.134Z",
            "updatedAt": "2021-06-16T11:21:38.134Z",
            "tags": [
                {
                    "id": 122579465,
                    "tagId": 29184432,
                    "name": "Travel Lane Direction",
                    "value": "Through",
                    "labelerLogin": "Nishikant",
                    "createdAt": "2021-06-16T11:21:38.134Z",
                    "updatedAt": "2021-06-16T11:21:38.134Z"
                }
            ],
            "classTitle": "Travel Lane",
            "points": {
                "exterior": [
                    [
                        434,
                        160
                    ],
                    [
                        450,
                        160
                    ],
                    [
                        456,
                        166
                    ],
                    [
                        435,
                        166
                    ]
                ],
                "interior": []
            }
        },
        {
            "id": 750057136,
            "classId": 2957384,
            "description": "",
            "geometryType": "polygon",
            "labelerLogin": "Nishikant",
            "createdAt": "2021-06-16T11:21:38.134Z",
            "updatedAt": "2021-06-16T11:21:38.134Z",
            "tags": [
                {
                    "id": 122579464,
                    "tagId": 29184434,
                    "name": "Yellow Lane Marking",
                    "value": "Solid",
                    "labelerLogin": "Nishikant",
                    "createdAt": "2021-06-16T11:21:38.134Z",
                    "updatedAt": "2021-06-16T11:21:38.134Z"
                }
            ],
            "classTitle": "Lane Marking",
            "points": {
                "exterior": [
                    [
                        0,
                        346
                    ],
                    [
                        62,
                        319
                    ],
                    [
                        114,
                        298
                    ],
                    [
                        155,
                        280
                    ],
                    [
                        217,
                        254
                    ],
                    [
                        254,
                        238
                    ],
                    [
                        281,
                        226
                    ],
                    [
                        315,
                        212
                    ],
                    [
                        335,
                        203
                    ],
                    [
                        357,
                        193
                    ],
                    [
                        371,
                        186
                    ],
                    [
                        389,
                        175
                    ],
                    [
                        400,
                        168
                    ],
                    [
                        403,
                        166
                    ],
                    [
                        401,
                        166
                    ],
                    [
                        389,
                        174
                    ],
                    [
                        369,
                        186
                    ],
                    [
                        356,
                        192
                    ],
                    [
                        314,
                        211
                    ],
                    [
                        252,
                        237
                    ],
                    [
                        153,
                        278
                    ],
                    [
                        62,
                        315
                    ],
                    [
                        0,
                        340
                    ]
                ],
                "interior": []
            }
        },
        {
            "id": 750057135,
            "classId": 2957383,
            "description": "",
            "geometryType": "polygon",
            "labelerLogin": "Nishikant",
            "createdAt": "2021-06-16T11:21:38.134Z",
            "updatedAt": "2021-06-16T11:21:38.134Z",
            "tags": [
                {
                    "id": 122579463,
                    "tagId": 29184437,
                    "name": "Left Arrow",
                    "value": null,
                    "labelerLogin": "Nishikant",
                    "createdAt": "2021-06-16T11:21:38.134Z",
                    "updatedAt": "2021-06-16T11:21:38.134Z"
                }
            ],
            "classTitle": "Movement Marking",
            "points": {
                "exterior": [
                    [
                        105,
                        404
                    ],
                    [
                        134,
                        380
                    ],
                    [
                        149,
                        366
                    ],
                    [
                        153,
                        358
                    ],
                    [
                        151,
                        353
                    ],
                    [
                        144,
                        351
                    ],
                    [
                        128,
                        349
                    ],
                    [
                        113,
                        349
                    ],
                    [
                        97,
                        350
                    ],
                    [
                        86,
                        350
                    ],
                    [
                        65,
                        364
                    ],
                    [
                        43,
                        376
                    ],
                    [
                        30,
                        359
                    ],
                    [
                        19,
                        350
                    ],
                    [
                        37,
                        345
                    ],
                    [
                        63,
                        338
                    ],
                    [
                        102,
                        329
                    ],
                    [
                        125,
                        323
                    ],
                    [
                        141,
                        318
                    ],
                    [
                        154,
                        316
                    ],
                    [
                        153,
                        318
                    ],
                    [
                        128,
                        328
                    ],
                    [
                        118,
                        333
                    ],
                    [
                        135,
                        333
                    ],
                    [
                        160,
                        333
                    ],
                    [
                        173,
                        334
                    ],
                    [
                        183,
                        337
                    ],
                    [
                        188,
                        340
                    ],
                    [
                        192,
                        345
                    ],
                    [
                        191,
                        351
                    ],
                    [
                        187,
                        357
                    ],
                    [
                        175,
                        368
                    ],
                    [
                        158,
                        385
                    ],
                    [
                        136,
                        404
                    ],
                    [
                        128,
                        412
                    ],
                    [
                        98,
                        409
                    ]
                ],
                "interior": []
            }
        },
        {
            "id": 750057134,
            "classId": 2957383,
            "description": "",
            "geometryType": "polygon",
            "labelerLogin": "Nishikant",
            "createdAt": "2021-06-16T11:21:38.134Z",
            "updatedAt": "2021-06-16T11:21:38.134Z",
            "tags": [
                {
                    "id": 122579462,
                    "tagId": 29184440,
                    "name": "ONLY",
                    "value": null,
                    "labelerLogin": "Nishikant",
                    "createdAt": "2021-06-16T11:21:38.134Z",
                    "updatedAt": "2021-06-16T11:21:38.134Z"
                }
            ],
            "classTitle": "Movement Marking",
            "points": {
                "exterior": [
                    [
                        335,
                        207
                    ],
                    [
                        385,
                        208
                    ],
                    [
                        393,
                        202
                    ],
                    [
                        344,
                        201
                    ]
                ],
                "interior": []
            }
        },
        {
            "id": 750057133,
            "classId": 2957383,
            "description": "",
            "geometryType": "polygon",
            "labelerLogin": "Nishikant",
            "createdAt": "2021-06-16T11:21:38.134Z",
            "updatedAt": "2021-06-16T11:21:38.134Z",
            "tags": [
                {
                    "id": 122579461,
                    "tagId": 29184437,
                    "name": "Left Arrow",
                    "value": null,
                    "labelerLogin": "Nishikant",
                    "createdAt": "2021-06-16T11:21:38.134Z",
                    "updatedAt": "2021-06-16T11:21:38.134Z"
                }
            ],
            "classTitle": "Movement Marking",
            "points": {
                "exterior": [
                    [
                        381,
                        199
                    ],
                    [
                        383,
                        197
                    ],
                    [
                        379,
                        197
                    ],
                    [
                        368,
                        197
                    ],
                    [
                        366,
                        199
                    ],
                    [
                        357,
                        195
                    ],
                    [
                        357,
                        195
                    ],
                    [
                        372,
                        193
                    ],
                    [
                        370,
                        195
                    ],
                    [
                        381,
                        196
                    ],
                    [
                        385,
                        196
                    ],
                    [
                        389,
                        196
                    ],
                    [
                        389,
                        197
                    ],
                    [
                        388,
                        198
                    ],
                    [
                        387,
                        199
                    ]
                ],
                "interior": []
            }
        },
        {
            "id": 750057132,
            "classId": 2957383,
            "description": "",
            "geometryType": "polygon",
            "labelerLogin": "Nishikant",
            "createdAt": "2021-06-16T11:21:38.134Z",
            "updatedAt": "2021-06-16T11:21:38.134Z",
            "tags": [
                {
                    "id": 122579460,
                    "tagId": 29184440,
                    "name": "ONLY",
                    "value": null,
                    "labelerLogin": "Nishikant",
                    "createdAt": "2021-06-16T11:21:38.134Z",
                    "updatedAt": "2021-06-16T11:21:38.134Z"
                }
            ],
            "classTitle": "Movement Marking",
            "points": {
                "exterior": [
                    [
                        0,
                        332
                    ],
                    [
                        80,
                        300
                    ],
                    [
                        6,
                        294
                    ],
                    [
                        0,
                        296
                    ]
                ],
                "interior": []
            }
        }
    ]
}