{
    "description": "",
    "tags": [
        {
            "id": 107913191,
            "tagId": 29184443,
            "name": "train",
            "value": null,
            "labelerLogin": "Nishikant",
            "createdAt": "2021-06-16T11:21:38.134Z",
            "updatedAt": "2021-06-16T11:21:38.134Z"
        }
    ],
    "size": {
        "height": 590,
        "width": 1042
    },
    "objects": [
        {
            "id": 750057131,
            "classId": 2957384,
            "description": "",
            "geometryType": "polygon",
            "labelerLogin": "Nishikant",
            "createdAt": "2021-06-16T11:21:38.134Z",
            "updatedAt": "2021-06-16T11:21:38.134Z",
            "tags": [
                {
                    "id": 122579459,
                    "tagId": 29184434,
                    "name": "Yellow Lane Marking",
                    "value": "Solid",
                    "labelerLogin": "Nishikant",
                    "createdAt": "2021-06-16T11:21:38.134Z",
                    "updatedAt": "2021-06-16T11:21:38.134Z"
                }
            ],
            "classTitle": "Lane Marking",
            "points": {
                "exterior": [
                    [
                        0,
                        344
                    ],
                    [
                        231,
                        247
                    ],
                    [
                        313,
                        211
                    ],
                    [
                        350,
                        195
                    ],
                    [
                        364,
                        188
                    ],
                    [
                        402,
                        165
                    ],
                    [
                        403,
                        165
                    ],
                    [
                        365,
                        189
                    ],
                    [
                        351,
                        196
                    ],
                    [
                        314,
                        213
                    ],
                    [
                        233,
                        249
                    ],
                    [
                        0,
                        349
                    ]
                ],
                "interior": []
            }
        },
        {
            "id": 750057130,
            "classId": 2957379,
            "description": "",
            "geometryType": "polygon",
            "labelerLogin": "Nishikant",
            "createdAt": "2021-06-16T11:21:38.134Z",
            "updatedAt": "2021-06-16T11:21:38.134Z",
            "tags": [
                {
                    "id": 122579458,
                    "tagId": 29184433,
                    "name": "Crosswalk",
                    "value": "White Hatched",
                    "labelerLogin": "Nishikant",
                    "createdAt": "2021-06-16T11:21:38.134Z",
                    "updatedAt": "2021-06-16T11:21:38.134Z"
                }
            ],
            "classTitle": "Crosswalk",
            "points": {
                "exterior": [
                    [
                        385,
                        155
                    ],
                    [
                        422,
                        154
                    ],
                    [
                        422,
                        157
                    ],
                    [
                        385,
                        157
                    ]
                ],
                "interior": []
            }
        },
        {
            "id": 750057129,
            "classId": 2957379,
            "description": "",
            "geometryType": "polygon",
            "labelerLogin": "Nishikant",
            "createdAt": "2021-06-16T11:21:38.134Z",
            "updatedAt": "2021-06-16T11:21:38.134Z",
            "tags": [
                {
                    "id": 122579457,
                    "tagId": 29184433,
                    "name": "Crosswalk",
                    "value": "White Hatched",
                    "labelerLogin": "Nishikant",
                    "createdAt": "2021-06-16T11:21:38.134Z",
                    "updatedAt": "2021-06-16T11:21:38.134Z"
                }
            ],
            "classTitle": "Crosswalk",
            "points": {
                "exterior": [
                    [
                        438,
                        155
                    ],
                    [
                        447,
                        155
                    ],
                    [
                        448,
                        157
                    ],
                    [
                        438,
                        157
                    ]
                ],
                "interior": []
            }
        },
        {
            "id": 750057128,
            "classId": 2957384,
            "description": "",
            "geometryType": "polygon",
            "labelerLogin": "Nishikant",
            "createdAt": "2021-06-16T11:21:38.134Z",
            "updatedAt": "2021-06-16T11:21:38.134Z",
            "tags": [
                {
                    "id": 122579456,
                    "tagId": 29184434,
                    "name": "Yellow Lane Marking",
                    "value": "Solid",
                    "labelerLogin": "Nishikant",
                    "createdAt": "2021-06-16T11:21:38.134Z",
                    "updatedAt": "2021-06-16T11:21:38.134Z"
                }
            ],
            "classTitle": "Lane Marking",
            "points": {
                "exterior": [
                    [
                        414,
                        153
                    ],
                    [
                        424,
                        129
                    ],
                    [
                        424,
                        130
                    ],
                    [
                        415,
                        153
                    ]
                ],
                "interior": []
            }
        },
        {
            "id": 750057127,
            "classId": 2957382,
            "description": "",
            "geometryType": "polygon",
            "labelerLogin": "Nishikant",
            "createdAt": "2021-06-16T11:21:38.134Z",
            "updatedAt": "2021-06-16T11:21:38.134Z",
            "tags": [
                {
                    "id": 122579455,
                    "tagId": 29184432,
                    "name": "Travel Lane Direction",
                    "value": "Left",
                    "labelerLogin": "Nishikant",
                    "createdAt": "2021-06-16T11:21:38.134Z",
                    "updatedAt": "2021-06-16T11:21:38.134Z"
                }
            ],
            "classTitle": "Travel Lane",
            "points": {
                "exterior": [
                    [
                        224,
                        253
                    ],
                    [
                        347,
                        198
                    ],
                    [
                        365,
                        189
                    ],
                    [
                        403,
                        165
                    ],
                    [
                        419,
                        166
                    ],
                    [
                        418,
                        168
                    ],
                    [
                        416,
                        169
                    ],
                    [
                        416,
                        170
                    ],
                    [
                        416,
                        172
                    ],
                    [
                        408,
                        182
                    ],
                    [
                        404,
                        188
                    ],
                    [
                        394,
                        201
                    ],
                    [
                        389,
                        207
                    ],
                    [
                        384,
                        213
                    ],
                    [
                        381,
                        216
                    ],
                    [
                        309,
                        289
                    ],
                    [
                        279,
                        318
                    ],
                    [
                        0,
                        570
                    ],
                    [
                        0,
                        349
                    ]
                ],
                "interior": []
            }
        },
        {
            "id": 750057126,
            "classId": 2957382,
            "description": "",
            "geometryType": "polygon",
            "labelerLogin": "Nishikant",
            "createdAt": "2021-06-16T11:21:38.134Z",
            "updatedAt": "2021-06-16T11:21:38.134Z",
            "tags": [
                {
                    "id": 122579454,
                    "tagId": 29184432,
                    "name": "Travel Lane Direction",
                    "value": "Left",
                    "labelerLogin": "Nishikant",
                    "createdAt": "2021-06-16T11:21:38.134Z",
                    "updatedAt": "2021-06-16T11:21:38.134Z"
                }
            ],
            "classTitle": "Travel Lane",
            "points": {
                "exterior": [
                    [
                        0,
                        282
                    ],
                    [
                        108,
                        251
                    ],
                    [
                        180,
                        231
                    ],
                    [
                        268,
                        206
                    ],
                    [
                        303,
                        195
                    ],
                    [
                        343,
                        182
                    ],
                    [
                        356,
                        177
                    ],
                    [
                        364,
                        174
                    ],
                    [
                        389,
                        163
                    ],
                    [
                        400,
                        165
                    ],
                    [
                        377,
                        179
                    ],
                    [
                        365,
                        186
                    ],
                    [
                        336,
                        199
                    ],
                    [
                        267,
                        229
                    ],
                    [
                        120,
                        289
                    ],
                    [
                        0,
                        337
                    ]
                ],
                "interior": []
            }
        },
        {
            "id": 750057125,
            "classId": 2957382,
            "description": "",
            "geometryType": "polygon",
            "labelerLogin": "Nishikant",
            "createdAt": "2021-06-16T11:21:38.134Z",
            "updatedAt": "2021-06-16T11:21:38.134Z",
            "tags": [
                {
                    "id": 122579453,
                    "tagId": 29184432,
                    "name": "Travel Lane Direction",
                    "value": "Through",
                    "labelerLogin": "Nishikant",
                    "createdAt": "2021-06-16T11:21:38.134Z",
                    "updatedAt": "2021-06-16T11:21:38.134Z"
                }
            ],
            "classTitle": "Travel Lane",
            "points": {
                "exterior": [
                    [
                        29,
                        589
                    ],
                    [
                        318,
                        292
                    ],
                    [
                        385,
                        215
                    ],
                    [
                        403,
                        192
                    ],
                    [
                        414,
                        177
                    ],
                    [
                        417,
                        173
                    ],
                    [
                        417,
                        181
                    ],
                    [
                        417,
                        185
                    ],
                    [
                        421,
                        185
                    ],
                    [
                        436,
                        185
                    ],
                    [
                        436,
                        176
                    ],
                    [
                        436,
                        171
                    ],
                    [
                        434,
                        168
                    ],
                    [
                        435,
                        169
                    ],
                    [
                        433,
                        159
                    ],
                    [
                        450,
                        159
                    ],
                    [
                        465,
                        174
                    ],
                    [
                        474,
                        181
                    ],
                    [
                        483,
                        187
                    ],
                    [
                        494,
                        194
                    ],
                    [
                        504,
                        201
                    ],
                    [
                        595,
                        254
                    ],
                    [
                        750,
                        340
                    ],
                    [
                        924,
                        434
                    ],
                    [
                        1041,
                        499
                    ],
                    [
                        1041,
                        589
                    ],
                    [
                        452,
                        590
                    ],
                    [
                        25,
                        589
                    ]
                ],
                "interior": []
            }
        },
        {
            "id": 750057124,
            "classId": 2957382,
            "description": "",
            "geometryType": "polygon",
            "labelerLogin": "Nishikant",
            "createdAt": "2021-06-16T11:21:38.134Z",
            "updatedAt": "2021-06-16T11:21:38.134Z",
            "tags": [
                {
                    "id": 122579452,
                    "tagId": 29184432,
                    "name": "Travel Lane Direction",
                    "value": "Through",
                    "labelerLogin": "Nishikant",
                    "createdAt": "2021-06-16T11:21:38.134Z",
                    "updatedAt": "2021-06-16T11:21:38.134Z"
                }
            ],
            "classTitle": "Travel Lane",
            "points": {
                "exterior": [
                    [
                        2,
                        235
                    ],
                    [
                        80,
                        223
                    ],
                    [
                        168,
                        205
                    ],
                    [
                        258,
                        188
                    ],
                    [
                        288,
                        183
                    ],
                    [
                        322,
                        173
                    ],
                    [
                        346,
                        167
                    ],
                    [
                        350,
                        166
                    ],
                    [
                        350,
                        170
                    ],
                    [
                        363,
                        170
                    ],
                    [
                        367,
                        170
                    ],
                    [
                        367,
                        165
                    ],
                    [
                        372,
                        163
                    ],
                    [
                        385,
                        164
                    ],
                    [
                        373,
                        169
                    ],
                    [
                        362,
                        174
                    ],
                    [
                        351,
                        178
                    ],
                    [
                        345,
                        180
                    ],
                    [
                        331,
                        185
                    ],
                    [
                        315,
                        190
                    ],
                    [
                        272,
                        204
                    ],
                    [
                        107,
                        248
                    ],
                    [
                        0,
                        278
                    ],
                    [
                        0,
                        235
                    ]
                ],
                "interior": []
            }
        },
        {
            "id": 750057123,
            "classId": 2957384,
            "description": "",
            "geometryType": "polygon",
            "labelerLogin": "Nishikant",
            "createdAt": "2021-06-16T11:21:38.134Z",
            "updatedAt": "2021-06-16T11:21:38.134Z",
            "tags": [
                {
                    "id": 122579451,
                    "tagId": 29184431,
                    "name": "White Lane Marking",
                    "value": "Hatched",
                    "labelerLogin": "Nishikant",
                    "createdAt": "2021-06-16T11:21:38.134Z",
                    "updatedAt": "2021-06-16T11:21:38.134Z"
                }
            ],
            "classTitle": "Lane Marking",
            "points": {
                "exterior": [
                    [
                        29,
                        590
                    ],
                    [
                        176,
                        439
                    ],
                    [
                        242,
                        371
                    ],
                    [
                        317,
                        293
                    ],
                    [
                        362,
                        242
                    ],
                    [
                        382,
                        218
                    ],
                    [
                        395,
                        203
                    ],
                    [
                        406,
                        188
                    ],
                    [
                        411,
                        181
                    ],
                    [
                        417,
                        173
                    ],
                    [
                        416,
                        172
                    ],
                    [
                        413,
                        176
                    ],
                    [
                        408,
                        182
                    ],
                    [
                        404,
                        188
                    ],
                    [
                        394,
                        201
                    ],
                    [
                        382,
                        215
                    ],
                    [
                        368,
                        229
                    ],
                    [
                        328,
                        270
                    ],
                    [
                        293,
                        305
                    ],
                    [
                        239,
                        354
                    ],
                    [
                        201,
                        388
                    ],
                    [
                        144,
                        440
                    ],
                    [
                        0,
                        570
                    ],
                    [
                        0,
                        589
                    ]
                ],
                "interior": []
            }
        },
        {
            "id": 750057122,
            "classId": 2957384,
            "description": "",
            "geometryType": "polygon",
            "labelerLogin": "Nishikant",
            "createdAt": "2021-06-16T11:21:38.134Z",
            "updatedAt": "2021-06-16T11:21:38.134Z",
            "tags": [
                {
                    "id": 122579450,
                    "tagId": 29184431,
                    "name": "White Lane Marking",
                    "value": "Hatched",
                    "labelerLogin": "Nishikant",
                    "createdAt": "2021-06-16T11:21:38.134Z",
                    "updatedAt": "2021-06-16T11:21:38.134Z"
                }
            ],
            "classTitle": "Lane Marking",
            "points": {
                "exterior": [
                    [
                        0,
                        282
                    ],
                    [
                        31,
                        273
                    ],
                    [
                        77,
                        260
                    ],
                    [
                        111,
                        250
                    ],
                    [
                        138,
                        243
                    ],
                    [
                        169,
                        234
                    ],
                    [
                        209,
                        223
                    ],
                    [
                        240,
                        214
                    ],
                    [
                        261,
                        208
                    ],
                    [
                        284,
                        201
                    ],
                    [
                        303,
                        195
                    ],
                    [
                        315,
                        191
                    ],
                    [
                        331,
                        186
                    ],
                    [
                        340,
                        183
                    ],
                    [
                        351,
                        179
                    ],
                    [
                        356,
                        177
                    ],
                    [
                        364,
                        174
                    ],
                    [
                        373,
                        170
                    ],
                    [
                        380,
                        167
                    ],
                    [
                        387,
                        164
                    ],
                    [
                        385,
                        164
                    ],
                    [
                        373,
                        169
                    ],
                    [
                        364,
                        173
                    ],
                    [
                        362,
                        174
                    ],
                    [
                        359,
                        175
                    ],
                    [
                        351,
                        178
                    ],
                    [
                        325,
                        187
                    ],
                    [
                        284,
                        200
                    ],
                    [
                        260,
                        207
                    ],
                    [
                        206,
                        222
                    ],
                    [
                        167,
                        232
                    ],
                    [
                        134,
                        241
                    ],
                    [
                        75,
                        257
                    ],
                    [
                        25,
                        271
                    ],
                    [
                        0,
                        278
                    ]
                ],
                "interior": []
            }
        },
        {
            "id": 750057121,
            "classId": 2957379,
            "description": "",
            "geometryType": "polygon",
            "labelerLogin": "Nishikant",
            "createdAt": "2021-06-16T11:21:38.134Z",
            "updatedAt": "2021-06-16T11:21:38.134Z",
            "tags": [
                {
                    "id": 122579449,
                    "tagId": 29184433,
                    "name": "Crosswalk",
                    "value": "White Hatched",
                    "labelerLogin": "Nishikant",
                    "createdAt": "2021-06-16T11:21:38.134Z",
                    "updatedAt": "2021-06-16T11:21:38.134Z"
                }
            ],
            "classTitle": "Crosswalk",
            "points": {
                "exterior": [
                    [
                        342,
                        163
                    ],
                    [
                        355,
                        158
                    ],
                    [
                        358,
                        158
                    ],
                    [
                        366,
                        158
                    ],
                    [
                        365,
                        159
                    ],
                    [
                        355,
                        159
                    ],
                    [
                        352,
                        160
                    ],
                    [
                        352,
                        161
                    ],
                    [
                        352,
                        163
                    ]
                ],
                "interior": []
            }
        },
        {
            "id": 750057120,
            "classId": 2957379,
            "description": "",
            "geometryType": "polygon",
            "labelerLogin": "Nishikant",
            "createdAt": "2021-06-16T11:21:38.134Z",
            "updatedAt": "2021-06-16T11:21:38.134Z",
            "tags": [
                {
                    "id": 122579448,
                    "tagId": 29184433,
                    "name": "Crosswalk",
                    "value": "White Hatched",
                    "labelerLogin": "Nishikant",
                    "createdAt": "2021-06-16T11:21:38.134Z",
                    "updatedAt": "2021-06-16T11:21:38.134Z"
                }
            ],
            "classTitle": "Crosswalk",
            "points": {
                "exterior": [
                    [
                        456,
                        164
                    ],
                    [
                        452,
                        160
                    ],
                    [
                        460,
                        160
                    ],
                    [
                        466,
                        164
                    ]
                ],
                "interior": []
            }
        },
        {
            "id": 750057119,
            "classId": 2957379,
            "description": "",
            "geometryType": "polygon",
            "labelerLogin": "Nishikant",
            "createdAt": "2021-06-16T11:21:38.134Z",
            "updatedAt": "2021-06-16T11:21:38.134Z",
            "tags": [
                {
                    "id": 122579447,
                    "tagId": 29184433,
                    "name": "Crosswalk",
                    "value": "White Hatched",
                    "labelerLogin": "Nishikant",
                    "createdAt": "2021-06-16T11:21:38.134Z",
                    "updatedAt": "2021-06-16T11:21:38.134Z"
                }
            ],
            "classTitle": "Crosswalk",
            "points": {
                "exterior": [
                    [
                        459,
                        158
                    ],
                    [
                        456,
                        154
                    ],
                    [
                        462,
                        154
                    ],
                    [
                        469,
                        158
                    ]
                ],
                "interior": []
            }
        },
        {
            "id": 750057118,
            "classId": 2957382,
            "description": "",
            "geometryType": "polygon",
            "labelerLogin": "Nishikant",
            "createdAt": "2021-06-16T11:21:38.134Z",
            "updatedAt": "2021-06-16T11:21:38.134Z",
            "tags": [
                {
                    "id": 122579446,
                    "tagId": 29184432,
                    "name": "Travel Lane Direction",
                    "value": "Through",
                    "labelerLogin": "Nishikant",
                    "createdAt": "2021-06-16T11:21:38.134Z",
                    "updatedAt": "2021-06-16T11:21:38.134Z"
                }
            ],
            "classTitle": "Travel Lane",
            "points": {
                "exterior": [
                    [
                        387,
                        157
                    ],
                    [
                        387,
                        163
                    ],
                    [
                        392,
                        163
                    ],
                    [
                        402,
                        164
                    ],
                    [
                        424,
                        165
                    ],
                    [
                        424,
                        162
                    ],
                    [
                        423,
                        161
                    ],
                    [
                        423,
                        157
                    ]
                ],
                "interior": []
            }
        },
        {
            "id": 750057117,
            "classId": 2957383,
            "description": "",
            "geometryType": "polygon",
            "labelerLogin": "Nishikant",
            "createdAt": "2021-06-16T11:21:38.134Z",
            "updatedAt": "2021-06-16T11:21:38.134Z",
            "tags": [
                {
                    "id": 122579445,
                    "tagId": 29184440,
                    "name": "ONLY",
                    "value": null,
                    "labelerLogin": "Nishikant",
                    "createdAt": "2021-06-16T11:21:38.134Z",
                    "updatedAt": "2021-06-16T11:21:38.134Z"
                }
            ],
            "classTitle": "Movement Marking",
            "points": {
                "exterior": [
                    [
                        180,
                        390
                    ],
                    [
                        0,
                        395
                    ],
                    [
                        0,
                        356
                    ],
                    [
                        103,
                        312
                    ],
                    [
                        284,
                        308
                    ]
                ],
                "interior": []
            }
        },
        {
            "id": 750057116,
            "classId": 2957383,
            "description": "",
            "geometryType": "polygon",
            "labelerLogin": "Nishikant",
            "createdAt": "2021-06-16T11:21:38.134Z",
            "updatedAt": "2021-06-16T11:21:38.134Z",
            "tags": [
                {
                    "id": 122579444,
                    "tagId": 29184437,
                    "name": "Left Arrow",
                    "value": null,
                    "labelerLogin": "Nishikant",
                    "createdAt": "2021-06-16T11:21:38.134Z",
                    "updatedAt": "2021-06-16T11:21:38.134Z"
                }
            ],
            "classTitle": "Movement Marking",
            "points": {
                "exterior": [
                    [
                        279,
                        273
                    ],
                    [
                        286,
                        266
                    ],
                    [
                        285,
                        264
                    ],
                    [
                        277,
                        262
                    ],
                    [
                        259,
                        261
                    ],
                    [
                        245,
                        262
                    ],
                    [
                        240,
                        266
                    ],
                    [
                        237,
                        268
                    ],
                    [
                        210,
                        262
                    ],
                    [
                        215,
                        260
                    ],
                    [
                        239,
                        256
                    ],
                    [
                        268,
                        250
                    ],
                    [
                        270,
                        251
                    ],
                    [
                        260,
                        255
                    ],
                    [
                        257,
                        256
                    ],
                    [
                        265,
                        256
                    ],
                    [
                        285,
                        256
                    ],
                    [
                        293,
                        257
                    ],
                    [
                        299,
                        259
                    ],
                    [
                        301,
                        260
                    ],
                    [
                        303,
                        262
                    ],
                    [
                        302,
                        265
                    ],
                    [
                        299,
                        268
                    ],
                    [
                        291,
                        276
                    ],
                    [
                        276,
                        276
                    ]
                ],
                "interior": []
            }
        },
        {
            "id": 750057115,
            "classId": 2957383,
            "description": "",
            "geometryType": "polygon",
            "labelerLogin": "Nishikant",
            "createdAt": "2021-06-16T11:21:38.134Z",
            "updatedAt": "2021-06-16T11:21:38.134Z",
            "tags": [
                {
                    "id": 122579443,
                    "tagId": 29184440,
                    "name": "ONLY",
                    "value": null,
                    "labelerLogin": "Nishikant",
                    "createdAt": "2021-06-16T11:21:38.134Z",
                    "updatedAt": "2021-06-16T11:21:38.134Z"
                }
            ],
            "classTitle": "Movement Marking",
            "points": {
                "exterior": [
                    [
                        350,
                        197
                    ],
                    [
                        374,
                        198
                    ],
                    [
                        392,
                        198
                    ],
                    [
                        399,
                        193
                    ],
                    [
                        380,
                        192
                    ],
                    [
                        360,
                        192
                    ]
                ],
                "interior": []
            }
        },
        {
            "id": 750057114,
            "classId": 2957383,
            "description": "",
            "geometryType": "polygon",
            "labelerLogin": "Nishikant",
            "createdAt": "2021-06-16T11:21:38.134Z",
            "updatedAt": "2021-06-16T11:21:38.134Z",
            "tags": [
                {
                    "id": 122579442,
                    "tagId": 29184437,
                    "name": "Left Arrow",
                    "value": null,
                    "labelerLogin": "Nishikant",
                    "createdAt": "2021-06-16T11:21:38.134Z",
                    "updatedAt": "2021-06-16T11:21:38.134Z"
                }
            ],
            "classTitle": "Movement Marking",
            "points": {
                "exterior": [
                    [
                        0,
                        321
                    ],
                    [
                        32,
                        315
                    ],
                    [
                        67,
                        309
                    ],
                    [
                        67,
                        304
                    ],
                    [
                        52,
                        303
                    ],
                    [
                        63,
                        299
                    ],
                    [
                        55,
                        292
                    ],
                    [
                        25,
                        304
                    ],
                    [
                        2,
                        304
                    ],
                    [
                        2,
                        302
                    ],
                    [
                        4,
                        300
                    ],
                    [
                        12,
                        297
                    ],
                    [
                        23,
                        293
                    ],
                    [
                        33,
                        290
                    ],
                    [
                        35,
                        288
                    ],
                    [
                        30,
                        287
                    ],
                    [
                        12,
                        289
                    ],
                    [
                        0,
                        292
                    ]
                ],
                "interior": []
            }
        },
        {
            "id": 750057113,
            "classId": 2957383,
            "description": "",
            "geometryType": "polygon",
            "labelerLogin": "Nishikant",
            "createdAt": "2021-06-16T11:21:38.134Z",
            "updatedAt": "2021-06-16T11:21:38.134Z",
            "tags": [
                {
                    "id": 122579441,
                    "tagId": 29184440,
                    "name": "ONLY",
                    "value": null,
                    "labelerLogin": "Nishikant",
                    "createdAt": "2021-06-16T11:21:38.134Z",
                    "updatedAt": "2021-06-16T11:21:38.134Z"
                }
            ],
            "classTitle": "Movement Marking",
            "points": {
                "exterior": [
                    [
                        169,
                        264
                    ],
                    [
                        114,
                        268
                    ],
                    [
                        55,
                        269
                    ],
                    [
                        135,
                        246
                    ],
                    [
                        168,
                        245
                    ],
                    [
                        215,
                        245
                    ],
                    [
                        214,
                        247
                    ]
                ],
                "interior": []
            }
        },
        {
            "id": 750057112,
            "classId": 2957384,
            "description": "",
            "geometryType": "polygon",
            "labelerLogin": "Nishikant",
            "createdAt": "2021-06-16T11:21:38.134Z",
            "updatedAt": "2021-06-16T11:21:38.134Z",
            "tags": [
                {
                    "id": 122579440,
                    "tagId": 29184434,
                    "name": "Yellow Lane Marking",
                    "value": "Solid",
                    "labelerLogin": "Nishikant",
                    "createdAt": "2021-06-16T11:21:38.134Z",
                    "updatedAt": "2021-06-16T11:21:38.134Z"
                }
            ],
            "classTitle": "Lane Marking",
            "points": {
                "exterior": [
                    [
                        0,
                        341
                    ],
                    [
                        69,
                        313
                    ],
                    [
                        134,
                        286
                    ],
                    [
                        180,
                        268
                    ],
                    [
                        222,
                        250
                    ],
                    [
                        248,
                        239
                    ],
                    [
                        273,
                        228
                    ],
                    [
                        301,
                        216
                    ],
                    [
                        321,
                        207
                    ],
                    [
                        331,
                        203
                    ],
                    [
                        349,
                        195
                    ],
                    [
                        363,
                        188
                    ],
                    [
                        372,
                        183
                    ],
                    [
                        401,
                        165
                    ],
                    [
                        400,
                        165
                    ],
                    [
                        372,
                        182
                    ],
                    [
                        363,
                        187
                    ],
                    [
                        348,
                        194
                    ],
                    [
                        331,
                        201
                    ],
                    [
                        272,
                        227
                    ],
                    [
                        222,
                        248
                    ],
                    [
                        178,
                        266
                    ],
                    [
                        135,
                        283
                    ],
                    [
                        67,
                        311
                    ],
                    [
                        0,
                        337
                    ]
                ],
                "interior": []
            }
        }
    ]
}