{
    "description": "",
    "tags": [
        {
            "id": 107912790,
            "tagId": 29184443,
            "name": "train",
            "value": null,
            "labelerLogin": "Nishikant",
            "createdAt": "2021-06-16T11:21:38.134Z",
            "updatedAt": "2021-06-16T11:21:38.134Z"
        }
    ],
    "size": {
        "height": 590,
        "width": 1042
    },
    "objects": [
        {
            "id": 750051638,
            "classId": 2957379,
            "description": "",
            "geometryType": "polygon",
            "labelerLogin": "Nishikant",
            "createdAt": "2021-06-16T11:21:38.134Z",
            "updatedAt": "2021-06-16T11:21:38.134Z",
            "tags": [
                {
                    "id": 122574055,
                    "tagId": 29184433,
                    "name": "Crosswalk",
                    "value": "White Hatched",
                    "labelerLogin": "Nishikant",
                    "createdAt": "2021-06-16T11:21:38.134Z",
                    "updatedAt": "2021-06-16T11:21:38.134Z"
                }
            ],
            "classTitle": "Crosswalk",
            "points": {
                "exterior": [
                    [
                        48,
                        311
                    ],
                    [
                        179,
                        295
                    ],
                    [
                        285,
                        280
                    ],
                    [
                        394,
                        274
                    ],
                    [
                        489,
                        265
                    ],
                    [
                        584,
                        256
                    ],
                    [
                        632,
                        252
                    ],
                    [
                        686,
                        288
                    ],
                    [
                        412,
                        319
                    ],
                    [
                        153,
                        348
                    ],
                    [
                        77,
                        359
                    ],
                    [
                        0,
                        369
                    ],
                    [
                        1,
                        328
                    ]
                ],
                "interior": []
            }
        },
        {
            "id": 750051637,
            "classId": 2957379,
            "description": "",
            "geometryType": "polygon",
            "labelerLogin": "Nishikant",
            "createdAt": "2021-06-16T11:21:38.134Z",
            "updatedAt": "2021-06-16T11:21:38.134Z",
            "tags": [
                {
                    "id": 122574054,
                    "tagId": 29184433,
                    "name": "Crosswalk",
                    "value": "White Hatched",
                    "labelerLogin": "Nishikant",
                    "createdAt": "2021-06-16T11:21:38.134Z",
                    "updatedAt": "2021-06-16T11:21:38.134Z"
                }
            ],
            "classTitle": "Crosswalk",
            "points": {
                "exterior": [
                    [
                        644,
                        245
                    ],
                    [
                        566,
                        199
                    ],
                    [
                        630,
                        198
                    ],
                    [
                        712,
                        224
                    ],
                    [
                        723,
                        230
                    ],
                    [
                        722,
                        241
                    ]
                ],
                "interior": []
            }
        },
        {
            "id": 750051636,
            "classId": 2957379,
            "description": "",
            "geometryType": "polygon",
            "labelerLogin": "Nishikant",
            "createdAt": "2021-06-16T11:21:38.134Z",
            "updatedAt": "2021-06-16T11:21:38.134Z",
            "tags": [
                {
                    "id": 122574053,
                    "tagId": 29184433,
                    "name": "Crosswalk",
                    "value": "White Hatched",
                    "labelerLogin": "Nishikant",
                    "createdAt": "2021-06-16T11:21:38.134Z",
                    "updatedAt": "2021-06-16T11:21:38.134Z"
                }
            ],
            "classTitle": "Crosswalk",
            "points": {
                "exterior": [
                    [
                        4,
                        261
                    ],
                    [
                        196,
                        221
                    ],
                    [
                        136,
                        225
                    ],
                    [
                        122,
                        229
                    ],
                    [
                        117,
                        227
                    ],
                    [
                        115,
                        225
                    ],
                    [
                        107,
                        225
                    ],
                    [
                        75,
                        228
                    ],
                    [
                        4,
                        239
                    ],
                    [
                        0,
                        240
                    ],
                    [
                        0,
                        261
                    ]
                ],
                "interior": []
            }
        },
        {
            "id": 750051635,
            "classId": 2957379,
            "description": "",
            "geometryType": "polygon",
            "labelerLogin": "Nishikant",
            "createdAt": "2021-06-16T11:21:38.134Z",
            "updatedAt": "2021-06-16T11:21:38.134Z",
            "tags": [
                {
                    "id": 122574052,
                    "tagId": 29184433,
                    "name": "Crosswalk",
                    "value": "White Hatched",
                    "labelerLogin": "Nishikant",
                    "createdAt": "2021-06-16T11:21:38.134Z",
                    "updatedAt": "2021-06-16T11:21:38.134Z"
                }
            ],
            "classTitle": "Crosswalk",
            "points": {
                "exterior": [
                    [
                        294,
                        201
                    ],
                    [
                        359,
                        197
                    ],
                    [
                        432,
                        194
                    ],
                    [
                        463,
                        193
                    ],
                    [
                        463,
                        200
                    ],
                    [
                        425,
                        201
                    ],
                    [
                        345,
                        205
                    ],
                    [
                        292,
                        207
                    ],
                    [
                        291,
                        204
                    ]
                ],
                "interior": []
            }
        },
        {
            "id": 750051634,
            "classId": 2957379,
            "description": "",
            "geometryType": "polygon",
            "labelerLogin": "Nishikant",
            "createdAt": "2021-06-16T11:21:38.134Z",
            "updatedAt": "2021-06-16T11:21:38.134Z",
            "tags": [
                {
                    "id": 122574051,
                    "tagId": 29184433,
                    "name": "Crosswalk",
                    "value": "White Hatched",
                    "labelerLogin": "Nishikant",
                    "createdAt": "2021-06-16T11:21:38.134Z",
                    "updatedAt": "2021-06-16T11:21:38.134Z"
                }
            ],
            "classTitle": "Crosswalk",
            "points": {
                "exterior": [
                    [
                        493,
                        193
                    ],
                    [
                        541,
                        192
                    ],
                    [
                        551,
                        198
                    ],
                    [
                        494,
                        198
                    ],
                    [
                        493,
                        196
                    ]
                ],
                "interior": []
            }
        },
        {
            "id": 750051633,
            "classId": 2957384,
            "description": "",
            "geometryType": "polygon",
            "labelerLogin": "Nishikant",
            "createdAt": "2021-06-16T11:21:38.134Z",
            "updatedAt": "2021-06-16T11:21:38.134Z",
            "tags": [
                {
                    "id": 122574050,
                    "tagId": 29184434,
                    "name": "Yellow Lane Marking",
                    "value": "Solid",
                    "labelerLogin": "Nishikant",
                    "createdAt": "2021-06-16T11:21:38.134Z",
                    "updatedAt": "2021-06-16T11:21:38.134Z"
                }
            ],
            "classTitle": "Lane Marking",
            "points": {
                "exterior": [
                    [
                        276,
                        281
                    ],
                    [
                        406,
                        202
                    ],
                    [
                        409,
                        202
                    ],
                    [
                        284,
                        280
                    ]
                ],
                "interior": []
            }
        },
        {
            "id": 750051632,
            "classId": 2957384,
            "description": "",
            "geometryType": "polygon",
            "labelerLogin": "Nishikant",
            "createdAt": "2021-06-16T11:21:38.134Z",
            "updatedAt": "2021-06-16T11:21:38.134Z",
            "tags": [
                {
                    "id": 122574049,
                    "tagId": 29184434,
                    "name": "Yellow Lane Marking",
                    "value": "Solid",
                    "labelerLogin": "Nishikant",
                    "createdAt": "2021-06-16T11:21:38.134Z",
                    "updatedAt": "2021-06-16T11:21:38.134Z"
                }
            ],
            "classTitle": "Lane Marking",
            "points": {
                "exterior": [
                    [
                        421,
                        192
                    ],
                    [
                        445,
                        172
                    ],
                    [
                        456,
                        163
                    ],
                    [
                        457,
                        163
                    ],
                    [
                        445,
                        173
                    ],
                    [
                        422,
                        193
                    ]
                ],
                "interior": []
            }
        },
        {
            "id": 750051631,
            "classId": 2957384,
            "description": "",
            "geometryType": "polygon",
            "labelerLogin": "Nishikant",
            "createdAt": "2021-06-16T11:21:38.134Z",
            "updatedAt": "2021-06-16T11:21:38.134Z",
            "tags": [
                {
                    "id": 122574048,
                    "tagId": 29184431,
                    "name": "White Lane Marking",
                    "value": "Solid",
                    "labelerLogin": "Nishikant",
                    "createdAt": "2021-06-16T11:21:38.134Z",
                    "updatedAt": "2021-06-16T11:21:38.134Z"
                }
            ],
            "classTitle": "Lane Marking",
            "points": {
                "exterior": [
                    [
                        386,
                        191
                    ],
                    [
                        424,
                        170
                    ],
                    [
                        425,
                        171
                    ],
                    [
                        390,
                        191
                    ]
                ],
                "interior": []
            }
        },
        {
            "id": 750051630,
            "classId": 2957384,
            "description": "",
            "geometryType": "polygon",
            "labelerLogin": "Nishikant",
            "createdAt": "2021-06-16T11:21:38.134Z",
            "updatedAt": "2021-06-16T11:21:38.134Z",
            "tags": [
                {
                    "id": 122574047,
                    "tagId": 29184434,
                    "name": "Yellow Lane Marking",
                    "value": "Solid",
                    "labelerLogin": "Nishikant",
                    "createdAt": "2021-06-16T11:21:38.134Z",
                    "updatedAt": "2021-06-16T11:21:38.134Z"
                }
            ],
            "classTitle": "Lane Marking",
            "points": {
                "exterior": [
                    [
                        659,
                        207
                    ],
                    [
                        904,
                        192
                    ],
                    [
                        905,
                        193
                    ],
                    [
                        662,
                        208
                    ]
                ],
                "interior": []
            }
        },
        {
            "id": 750051629,
            "classId": 2957384,
            "description": "",
            "geometryType": "polygon",
            "labelerLogin": "Nishikant",
            "createdAt": "2021-06-16T11:21:38.134Z",
            "updatedAt": "2021-06-16T11:21:38.134Z",
            "tags": [
                {
                    "id": 122574046,
                    "tagId": 29184431,
                    "name": "White Lane Marking",
                    "value": "Hatched",
                    "labelerLogin": "Nishikant",
                    "createdAt": "2021-06-16T11:21:38.134Z",
                    "updatedAt": "2021-06-16T11:21:38.134Z"
                }
            ],
            "classTitle": "Lane Marking",
            "points": {
                "exterior": [
                    [
                        684,
                        215
                    ],
                    [
                        901,
                        201
                    ],
                    [
                        901,
                        203
                    ],
                    [
                        688,
                        216
                    ]
                ],
                "interior": []
            }
        },
        {
            "id": 750051628,
            "classId": 2957384,
            "description": "",
            "geometryType": "polygon",
            "labelerLogin": "Nishikant",
            "createdAt": "2021-06-16T11:21:38.134Z",
            "updatedAt": "2021-06-16T11:21:38.134Z",
            "tags": [
                {
                    "id": 122574045,
                    "tagId": 29184431,
                    "name": "White Lane Marking",
                    "value": "Hatched",
                    "labelerLogin": "Nishikant",
                    "createdAt": "2021-06-16T11:21:38.134Z",
                    "updatedAt": "2021-06-16T11:21:38.134Z"
                }
            ],
            "classTitle": "Lane Marking",
            "points": {
                "exterior": [
                    [
                        0,
                        432
                    ],
                    [
                        149,
                        349
                    ],
                    [
                        170,
                        346
                    ],
                    [
                        0,
                        445
                    ]
                ],
                "interior": []
            }
        },
        {
            "id": 750051627,
            "classId": 2957384,
            "description": "",
            "geometryType": "polygon",
            "labelerLogin": "Nishikant",
            "createdAt": "2021-06-16T11:21:38.134Z",
            "updatedAt": "2021-06-16T11:21:38.134Z",
            "tags": [
                {
                    "id": 122574044,
                    "tagId": 29184431,
                    "name": "White Lane Marking",
                    "value": "Hatched",
                    "labelerLogin": "Nishikant",
                    "createdAt": "2021-06-16T11:21:38.134Z",
                    "updatedAt": "2021-06-16T11:21:38.134Z"
                }
            ],
            "classTitle": "Lane Marking",
            "points": {
                "exterior": [
                    [
                        227,
                        589
                    ],
                    [
                        306,
                        448
                    ],
                    [
                        319,
                        447
                    ],
                    [
                        247,
                        590
                    ]
                ],
                "interior": []
            }
        },
        {
            "id": 750051626,
            "classId": 2957382,
            "description": "",
            "geometryType": "polygon",
            "labelerLogin": "Nishikant",
            "createdAt": "2021-06-16T11:21:38.134Z",
            "updatedAt": "2021-06-16T11:21:38.134Z",
            "tags": [
                {
                    "id": 122574043,
                    "tagId": 29184432,
                    "name": "Travel Lane Direction",
                    "value": "Right",
                    "labelerLogin": "Nishikant",
                    "createdAt": "2021-06-16T11:21:38.134Z",
                    "updatedAt": "2021-06-16T11:21:38.134Z"
                }
            ],
            "classTitle": "Travel Lane",
            "points": {
                "exterior": [
                    [
                        391,
                        191
                    ],
                    [
                        425,
                        171
                    ],
                    [
                        440,
                        164
                    ],
                    [
                        454,
                        164
                    ],
                    [
                        445,
                        170
                    ],
                    [
                        420,
                        191
                    ]
                ],
                "interior": []
            }
        },
        {
            "id": 750051625,
            "classId": 2957382,
            "description": "",
            "geometryType": "polygon",
            "labelerLogin": "Nishikant",
            "createdAt": "2021-06-16T11:21:38.134Z",
            "updatedAt": "2021-06-16T11:21:38.134Z",
            "tags": [
                {
                    "id": 122574042,
                    "tagId": 29184432,
                    "name": "Travel Lane Direction",
                    "value": "Through",
                    "labelerLogin": "Nishikant",
                    "createdAt": "2021-06-16T11:21:38.134Z",
                    "updatedAt": "2021-06-16T11:21:38.134Z"
                }
            ],
            "classTitle": "Travel Lane",
            "points": {
                "exterior": [
                    [
                        293,
                        279
                    ],
                    [
                        412,
                        202
                    ],
                    [
                        548,
                        199
                    ],
                    [
                        566,
                        200
                    ],
                    [
                        641,
                        245
                    ],
                    [
                        634,
                        253
                    ],
                    [
                        335,
                        278
                    ]
                ],
                "interior": []
            }
        },
        {
            "id": 750051624,
            "classId": 2957382,
            "description": "",
            "geometryType": "polygon",
            "labelerLogin": "Nishikant",
            "createdAt": "2021-06-16T11:21:38.134Z",
            "updatedAt": "2021-06-16T11:21:38.134Z",
            "tags": [
                {
                    "id": 122574041,
                    "tagId": 29184432,
                    "name": "Travel Lane Direction",
                    "value": "Through",
                    "labelerLogin": "Nishikant",
                    "createdAt": "2021-06-16T11:21:38.134Z",
                    "updatedAt": "2021-06-16T11:21:38.134Z"
                }
            ],
            "classTitle": "Travel Lane",
            "points": {
                "exterior": [
                    [
                        0,
                        263
                    ],
                    [
                        194,
                        222
                    ],
                    [
                        210,
                        217
                    ],
                    [
                        226,
                        217
                    ],
                    [
                        230,
                        221
                    ],
                    [
                        242,
                        223
                    ],
                    [
                        256,
                        227
                    ],
                    [
                        269,
                        224
                    ],
                    [
                        293,
                        222
                    ],
                    [
                        297,
                        217
                    ],
                    [
                        295,
                        207
                    ],
                    [
                        349,
                        206
                    ],
                    [
                        396,
                        203
                    ],
                    [
                        401,
                        203
                    ],
                    [
                        380,
                        217
                    ],
                    [
                        331,
                        247
                    ],
                    [
                        276,
                        281
                    ],
                    [
                        135,
                        302
                    ],
                    [
                        50,
                        310
                    ],
                    [
                        0,
                        329
                    ]
                ],
                "interior": []
            }
        },
        {
            "id": 750051623,
            "classId": 2957382,
            "description": "",
            "geometryType": "polygon",
            "labelerLogin": "Nishikant",
            "createdAt": "2021-06-16T11:21:38.134Z",
            "updatedAt": "2021-06-16T11:21:38.134Z",
            "tags": [
                {
                    "id": 122574040,
                    "tagId": 29184432,
                    "name": "Travel Lane Direction",
                    "value": "Through",
                    "labelerLogin": "Nishikant",
                    "createdAt": "2021-06-16T11:21:38.134Z",
                    "updatedAt": "2021-06-16T11:21:38.134Z"
                }
            ],
            "classTitle": "Travel Lane",
            "points": {
                "exterior": [
                    [
                        663,
                        208
                    ],
                    [
                        838,
                        197
                    ],
                    [
                        904,
                        193
                    ],
                    [
                        904,
                        197
                    ],
                    [
                        902,
                        201
                    ],
                    [
                        852,
                        204
                    ],
                    [
                        803,
                        207
                    ],
                    [
                        683,
                        215
                    ]
                ],
                "interior": []
            }
        },
        {
            "id": 750051622,
            "classId": 2957382,
            "description": "",
            "geometryType": "polygon",
            "labelerLogin": "Nishikant",
            "createdAt": "2021-06-16T11:21:38.134Z",
            "updatedAt": "2021-06-16T11:21:38.134Z",
            "tags": [
                {
                    "id": 122574039,
                    "tagId": 29184432,
                    "name": "Travel Lane Direction",
                    "value": "Through",
                    "labelerLogin": "Nishikant",
                    "createdAt": "2021-06-16T11:21:38.134Z",
                    "updatedAt": "2021-06-16T11:21:38.134Z"
                }
            ],
            "classTitle": "Travel Lane",
            "points": {
                "exterior": [
                    [
                        658,
                        204
                    ],
                    [
                        682,
                        204
                    ],
                    [
                        697,
                        202
                    ],
                    [
                        711,
                        203
                    ],
                    [
                        715,
                        198
                    ],
                    [
                        719,
                        195
                    ],
                    [
                        721,
                        193
                    ],
                    [
                        745,
                        192
                    ],
                    [
                        780,
                        191
                    ],
                    [
                        833,
                        189
                    ],
                    [
                        844,
                        188
                    ],
                    [
                        850,
                        188
                    ],
                    [
                        863,
                        187
                    ],
                    [
                        884,
                        186
                    ],
                    [
                        906,
                        186
                    ],
                    [
                        904,
                        192
                    ],
                    [
                        803,
                        198
                    ],
                    [
                        706,
                        204
                    ],
                    [
                        673,
                        206
                    ],
                    [
                        659,
                        207
                    ],
                    [
                        652,
                        205
                    ],
                    [
                        634,
                        199
                    ],
                    [
                        647,
                        199
                    ],
                    [
                        657,
                        199
                    ],
                    [
                        660,
                        200
                    ],
                    [
                        664,
                        203
                    ],
                    [
                        665,
                        204
                    ]
                ],
                "interior": []
            }
        },
        {
            "id": 750051621,
            "classId": 2957382,
            "description": "",
            "geometryType": "polygon",
            "labelerLogin": "Nishikant",
            "createdAt": "2021-06-16T11:21:38.134Z",
            "updatedAt": "2021-06-16T11:21:38.134Z",
            "tags": [
                {
                    "id": 122574038,
                    "tagId": 29184432,
                    "name": "Travel Lane Direction",
                    "value": "Through",
                    "labelerLogin": "Nishikant",
                    "createdAt": "2021-06-16T11:21:38.134Z",
                    "updatedAt": "2021-06-16T11:21:38.134Z"
                }
            ],
            "classTitle": "Travel Lane",
            "points": {
                "exterior": [
                    [
                        421,
                        194
                    ],
                    [
                        457,
                        163
                    ],
                    [
                        465,
                        156
                    ],
                    [
                        471,
                        154
                    ],
                    [
                        470,
                        162
                    ],
                    [
                        470,
                        166
                    ],
                    [
                        475,
                        165
                    ],
                    [
                        480,
                        165
                    ],
                    [
                        483,
                        163
                    ],
                    [
                        484,
                        159
                    ],
                    [
                        488,
                        158
                    ],
                    [
                        488,
                        161
                    ],
                    [
                        488,
                        163
                    ],
                    [
                        484,
                        166
                    ],
                    [
                        484,
                        171
                    ],
                    [
                        490,
                        173
                    ],
                    [
                        498,
                        173
                    ],
                    [
                        497,
                        166
                    ],
                    [
                        498,
                        163
                    ],
                    [
                        507,
                        164
                    ],
                    [
                        515,
                        170
                    ],
                    [
                        529,
                        180
                    ],
                    [
                        540,
                        192
                    ],
                    [
                        494,
                        193
                    ],
                    [
                        493,
                        185
                    ],
                    [
                        494,
                        180
                    ],
                    [
                        493,
                        179
                    ],
                    [
                        491,
                        179
                    ],
                    [
                        490,
                        176
                    ],
                    [
                        490,
                        175
                    ],
                    [
                        486,
                        174
                    ],
                    [
                        470,
                        175
                    ],
                    [
                        467,
                        175
                    ],
                    [
                        467,
                        178
                    ],
                    [
                        466,
                        179
                    ],
                    [
                        466,
                        182
                    ],
                    [
                        468,
                        182
                    ],
                    [
                        468,
                        185
                    ],
                    [
                        466,
                        187
                    ],
                    [
                        465,
                        191
                    ],
                    [
                        465,
                        193
                    ]
                ],
                "interior": []
            }
        },
        {
            "id": 750051620,
            "classId": 2957382,
            "description": "",
            "geometryType": "polygon",
            "labelerLogin": "Nishikant",
            "createdAt": "2021-06-16T11:21:38.134Z",
            "updatedAt": "2021-06-16T11:21:38.134Z",
            "tags": [
                {
                    "id": 122574037,
                    "tagId": 29184432,
                    "name": "Travel Lane Direction",
                    "value": "Through",
                    "labelerLogin": "Nishikant",
                    "createdAt": "2021-06-16T11:21:38.134Z",
                    "updatedAt": "2021-06-16T11:21:38.134Z"
                }
            ],
            "classTitle": "Travel Lane",
            "points": {
                "exterior": [
                    [
                        386,
                        191
                    ],
                    [
                        305,
                        195
                    ],
                    [
                        371,
                        174
                    ],
                    [
                        370,
                        177
                    ],
                    [
                        369,
                        181
                    ],
                    [
                        370,
                        185
                    ],
                    [
                        376,
                        185
                    ],
                    [
                        387,
                        185
                    ],
                    [
                        391,
                        181
                    ],
                    [
                        394,
                        180
                    ],
                    [
                        395,
                        176
                    ],
                    [
                        394,
                        174
                    ],
                    [
                        393,
                        172
                    ],
                    [
                        391,
                        170
                    ],
                    [
                        404,
                        166
                    ],
                    [
                        415,
                        164
                    ],
                    [
                        417,
                        164
                    ],
                    [
                        417,
                        167
                    ],
                    [
                        421,
                        167
                    ],
                    [
                        426,
                        167
                    ],
                    [
                        429,
                        166
                    ],
                    [
                        431,
                        165
                    ],
                    [
                        431,
                        163
                    ],
                    [
                        438,
                        161
                    ],
                    [
                        439,
                        162
                    ],
                    [
                        442,
                        163
                    ],
                    [
                        441,
                        163
                    ],
                    [
                        422,
                        171
                    ],
                    [
                        415,
                        175
                    ]
                ],
                "interior": []
            }
        },
        {
            "id": 750051619,
            "classId": 2957382,
            "description": "",
            "geometryType": "polygon",
            "labelerLogin": "Nishikant",
            "createdAt": "2021-06-16T11:21:38.134Z",
            "updatedAt": "2021-06-16T11:21:38.134Z",
            "tags": [
                {
                    "id": 122574036,
                    "tagId": 29184432,
                    "name": "Travel Lane Direction",
                    "value": "Through",
                    "labelerLogin": "Nishikant",
                    "createdAt": "2021-06-16T11:21:38.134Z",
                    "updatedAt": "2021-06-16T11:21:38.134Z"
                }
            ],
            "classTitle": "Travel Lane",
            "points": {
                "exterior": [
                    [
                        247,
                        589
                    ],
                    [
                        319,
                        446
                    ],
                    [
                        411,
                        429
                    ],
                    [
                        461,
                        422
                    ],
                    [
                        522,
                        408
                    ],
                    [
                        573,
                        394
                    ],
                    [
                        652,
                        374
                    ],
                    [
                        775,
                        352
                    ],
                    [
                        891,
                        402
                    ],
                    [
                        908,
                        408
                    ],
                    [
                        1041,
                        451
                    ],
                    [
                        1041,
                        589
                    ]
                ],
                "interior": []
            }
        },
        {
            "id": 750051618,
            "classId": 2957382,
            "description": "",
            "geometryType": "polygon",
            "labelerLogin": "Nishikant",
            "createdAt": "2021-06-16T11:21:38.134Z",
            "updatedAt": "2021-06-16T11:21:38.134Z",
            "tags": [
                {
                    "id": 122574035,
                    "tagId": 29184432,
                    "name": "Travel Lane Direction",
                    "value": "Through",
                    "labelerLogin": "Nishikant",
                    "createdAt": "2021-06-16T11:21:38.134Z",
                    "updatedAt": "2021-06-16T11:21:38.134Z"
                }
            ],
            "classTitle": "Travel Lane",
            "points": {
                "exterior": [
                    [
                        227,
                        589
                    ],
                    [
                        267,
                        518
                    ],
                    [
                        306,
                        448
                    ],
                    [
                        288,
                        451
                    ],
                    [
                        235,
                        460
                    ],
                    [
                        194,
                        467
                    ],
                    [
                        0,
                        508
                    ],
                    [
                        0,
                        589
                    ]
                ],
                "interior": []
            }
        },
        {
            "id": 750051617,
            "classId": 2957382,
            "description": "",
            "geometryType": "polygon",
            "labelerLogin": "Nishikant",
            "createdAt": "2021-06-16T11:21:38.134Z",
            "updatedAt": "2021-06-16T11:21:38.134Z",
            "tags": [
                {
                    "id": 122574034,
                    "tagId": 29184432,
                    "name": "Travel Lane Direction",
                    "value": "Through",
                    "labelerLogin": "Nishikant",
                    "createdAt": "2021-06-16T11:21:38.134Z",
                    "updatedAt": "2021-06-16T11:21:38.134Z"
                }
            ],
            "classTitle": "Travel Lane",
            "points": {
                "exterior": [
                    [
                        0,
                        471
                    ],
                    [
                        66,
                        459
                    ],
                    [
                        150,
                        442
                    ],
                    [
                        245,
                        425
                    ],
                    [
                        365,
                        406
                    ],
                    [
                        467,
                        389
                    ],
                    [
                        539,
                        374
                    ],
                    [
                        633,
                        354
                    ],
                    [
                        743,
                        337
                    ],
                    [
                        707,
                        308
                    ],
                    [
                        693,
                        288
                    ],
                    [
                        682,
                        289
                    ],
                    [
                        649,
                        292
                    ],
                    [
                        614,
                        296
                    ],
                    [
                        599,
                        298
                    ],
                    [
                        542,
                        305
                    ],
                    [
                        480,
                        311
                    ],
                    [
                        429,
                        317
                    ],
                    [
                        389,
                        321
                    ],
                    [
                        236,
                        339
                    ],
                    [
                        170,
                        346
                    ],
                    [
                        148,
                        359
                    ],
                    [
                        0,
                        445
                    ]
                ],
                "interior": []
            }
        },
        {
            "id": 750051616,
            "classId": 2957382,
            "description": "",
            "geometryType": "polygon",
            "labelerLogin": "Nishikant",
            "createdAt": "2021-06-16T11:21:38.134Z",
            "updatedAt": "2021-06-16T11:21:38.134Z",
            "tags": [
                {
                    "id": 122574033,
                    "tagId": 29184432,
                    "name": "Travel Lane Direction",
                    "value": "Through",
                    "labelerLogin": "Nishikant",
                    "createdAt": "2021-06-16T11:21:38.134Z",
                    "updatedAt": "2021-06-16T11:21:38.134Z"
                }
            ],
            "classTitle": "Travel Lane",
            "points": {
                "exterior": [
                    [
                        0,
                        432
                    ],
                    [
                        67,
                        395
                    ],
                    [
                        149,
                        349
                    ],
                    [
                        114,
                        353
                    ],
                    [
                        92,
                        357
                    ],
                    [
                        62,
                        361
                    ],
                    [
                        6,
                        368
                    ],
                    [
                        0,
                        369
                    ]
                ],
                "interior": []
            }
        },
        {
            "id": 750051615,
            "classId": 2957384,
            "description": "",
            "geometryType": "polygon",
            "labelerLogin": "Nishikant",
            "createdAt": "2021-06-16T11:21:38.134Z",
            "updatedAt": "2021-06-16T11:21:38.134Z",
            "tags": [
                {
                    "id": 122574032,
                    "tagId": 29184434,
                    "name": "Yellow Lane Marking",
                    "value": "Solid",
                    "labelerLogin": "Nishikant",
                    "createdAt": "2021-06-16T11:21:38.134Z",
                    "updatedAt": "2021-06-16T11:21:38.134Z"
                }
            ],
            "classTitle": "Lane Marking",
            "points": {
                "exterior": [
                    [
                        285,
                        280
                    ],
                    [
                        316,
                        261
                    ],
                    [
                        340,
                        246
                    ],
                    [
                        368,
                        228
                    ],
                    [
                        383,
                        219
                    ],
                    [
                        410,
                        202
                    ],
                    [
                        412,
                        202
                    ],
                    [
                        384,
                        220
                    ],
                    [
                        370,
                        229
                    ],
                    [
                        344,
                        246
                    ],
                    [
                        316,
                        264
                    ],
                    [
                        291,
                        280
                    ]
                ],
                "interior": []
            }
        },
        {
            "id": 750051614,
            "classId": 2957384,
            "description": "",
            "geometryType": "polygon",
            "labelerLogin": "Nishikant",
            "createdAt": "2021-06-16T11:21:38.134Z",
            "updatedAt": "2021-06-16T11:21:38.134Z",
            "tags": [
                {
                    "id": 122574031,
                    "tagId": 29184434,
                    "name": "Yellow Lane Marking",
                    "value": "Solid",
                    "labelerLogin": "Nishikant",
                    "createdAt": "2021-06-16T11:21:38.134Z",
                    "updatedAt": "2021-06-16T11:21:38.134Z"
                }
            ],
            "classTitle": "Lane Marking",
            "points": {
                "exterior": [
                    [
                        421,
                        192
                    ],
                    [
                        434,
                        181
                    ],
                    [
                        443,
                        173
                    ],
                    [
                        451,
                        167
                    ],
                    [
                        456,
                        163
                    ],
                    [
                        455,
                        163
                    ],
                    [
                        450,
                        167
                    ],
                    [
                        443,
                        172
                    ],
                    [
                        431,
                        182
                    ],
                    [
                        420,
                        191
                    ]
                ],
                "interior": []
            }
        },
        {
            "id": 750051613,
            "classId": 2957380,
            "description": "",
            "geometryType": "polygon",
            "labelerLogin": "Nishikant",
            "createdAt": "2021-06-16T11:21:38.134Z",
            "updatedAt": "2021-06-16T11:21:38.134Z",
            "tags": [
                {
                    "id": 122574030,
                    "tagId": 29184441,
                    "name": "Stop Bar",
                    "value": null,
                    "labelerLogin": "Nishikant",
                    "createdAt": "2021-06-16T11:21:38.134Z",
                    "updatedAt": "2021-06-16T11:21:38.134Z"
                }
            ],
            "classTitle": "Stop Bar",
            "points": {
                "exterior": [
                    [
                        0,
                        471
                    ],
                    [
                        135,
                        444
                    ],
                    [
                        259,
                        421
                    ],
                    [
                        346,
                        409
                    ],
                    [
                        418,
                        398
                    ],
                    [
                        484,
                        386
                    ],
                    [
                        540,
                        374
                    ],
                    [
                        602,
                        360
                    ],
                    [
                        671,
                        347
                    ],
                    [
                        743,
                        338
                    ],
                    [
                        773,
                        353
                    ],
                    [
                        682,
                        368
                    ],
                    [
                        627,
                        380
                    ],
                    [
                        574,
                        393
                    ],
                    [
                        540,
                        402
                    ],
                    [
                        512,
                        410
                    ],
                    [
                        476,
                        419
                    ],
                    [
                        466,
                        421
                    ],
                    [
                        387,
                        434
                    ],
                    [
                        311,
                        447
                    ],
                    [
                        178,
                        471
                    ],
                    [
                        89,
                        490
                    ],
                    [
                        0,
                        508
                    ]
                ],
                "interior": []
            }
        }
    ]
}