{
    "description": "",
    "tags": [
        {
            "id": 107912796,
            "tagId": 29184443,
            "name": "train",
            "value": null,
            "labelerLogin": "Nishikant",
            "createdAt": "2021-06-16T11:21:38.134Z",
            "updatedAt": "2021-06-16T11:21:38.134Z"
        }
    ],
    "size": {
        "height": 590,
        "width": 1042
    },
    "objects": [
        {
            "id": 750052768,
            "classId": 2957384,
            "description": "",
            "geometryType": "polygon",
            "labelerLogin": "Nishikant",
            "createdAt": "2021-06-16T11:21:38.134Z",
            "updatedAt": "2021-06-16T11:21:38.134Z",
            "tags": [
                {
                    "id": 122575184,
                    "tagId": 29184434,
                    "name": "Yellow Lane Marking",
                    "value": "Solid",
                    "labelerLogin": "Nishikant",
                    "createdAt": "2021-06-16T11:21:38.134Z",
                    "updatedAt": "2021-06-16T11:21:38.134Z"
                }
            ],
            "classTitle": "Lane Marking",
            "points": {
                "exterior": [
                    [
                        0,
                        392
                    ],
                    [
                        221,
                        298
                    ],
                    [
                        496,
                        186
                    ],
                    [
                        528,
                        175
                    ],
                    [
                        546,
                        169
                    ],
                    [
                        548,
                        169
                    ],
                    [
                        527,
                        176
                    ],
                    [
                        497,
                        187
                    ],
                    [
                        457,
                        204
                    ],
                    [
                        352,
                        247
                    ],
                    [
                        0,
                        395
                    ]
                ],
                "interior": []
            }
        },
        {
            "id": 750052767,
            "classId": 2957384,
            "description": "",
            "geometryType": "polygon",
            "labelerLogin": "Nishikant",
            "createdAt": "2021-06-16T11:21:38.134Z",
            "updatedAt": "2021-06-16T11:21:38.134Z",
            "tags": [
                {
                    "id": 122575183,
                    "tagId": 29184431,
                    "name": "White Lane Marking",
                    "value": "Solid",
                    "labelerLogin": "Nishikant",
                    "createdAt": "2021-06-16T11:21:38.134Z",
                    "updatedAt": "2021-06-16T11:21:38.134Z"
                }
            ],
            "classTitle": "Lane Marking",
            "points": {
                "exterior": [
                    [
                        0,
                        308
                    ],
                    [
                        195,
                        252
                    ],
                    [
                        406,
                        195
                    ],
                    [
                        436,
                        187
                    ],
                    [
                        478,
                        178
                    ],
                    [
                        522,
                        169
                    ],
                    [
                        524,
                        169
                    ],
                    [
                        487,
                        177
                    ],
                    [
                        439,
                        188
                    ],
                    [
                        406,
                        197
                    ],
                    [
                        196,
                        255
                    ],
                    [
                        0,
                        312
                    ]
                ],
                "interior": []
            }
        },
        {
            "id": 750052766,
            "classId": 2957382,
            "description": "",
            "geometryType": "polygon",
            "labelerLogin": "Nishikant",
            "createdAt": "2021-06-16T11:21:38.134Z",
            "updatedAt": "2021-06-16T11:21:38.134Z",
            "tags": [
                {
                    "id": 122575182,
                    "tagId": 29184432,
                    "name": "Travel Lane Direction",
                    "value": "Left",
                    "labelerLogin": "Nishikant",
                    "createdAt": "2021-06-16T11:21:38.134Z",
                    "updatedAt": "2021-06-16T11:21:38.134Z"
                }
            ],
            "classTitle": "Travel Lane",
            "points": {
                "exterior": [
                    [
                        0,
                        312
                    ],
                    [
                        203,
                        253
                    ],
                    [
                        439,
                        188
                    ],
                    [
                        483,
                        178
                    ],
                    [
                        524,
                        169
                    ],
                    [
                        543,
                        169
                    ],
                    [
                        521,
                        176
                    ],
                    [
                        492,
                        186
                    ],
                    [
                        423,
                        213
                    ],
                    [
                        325,
                        251
                    ],
                    [
                        0,
                        384
                    ]
                ],
                "interior": []
            }
        },
        {
            "id": 750052765,
            "classId": 2957382,
            "description": "",
            "geometryType": "polygon",
            "labelerLogin": "Nishikant",
            "createdAt": "2021-06-16T11:21:38.134Z",
            "updatedAt": "2021-06-16T11:21:38.134Z",
            "tags": [
                {
                    "id": 122575181,
                    "tagId": 29184432,
                    "name": "Travel Lane Direction",
                    "value": "Through",
                    "labelerLogin": "Nishikant",
                    "createdAt": "2021-06-16T11:21:38.134Z",
                    "updatedAt": "2021-06-16T11:21:38.134Z"
                }
            ],
            "classTitle": "Travel Lane",
            "points": {
                "exterior": [
                    [
                        0,
                        396
                    ],
                    [
                        418,
                        220
                    ],
                    [
                        502,
                        185
                    ],
                    [
                        544,
                        170
                    ],
                    [
                        551,
                        169
                    ],
                    [
                        581,
                        169
                    ],
                    [
                        581,
                        172
                    ],
                    [
                        582,
                        176
                    ],
                    [
                        604,
                        175
                    ],
                    [
                        604,
                        170
                    ],
                    [
                        604,
                        168
                    ],
                    [
                        623,
                        168
                    ],
                    [
                        631,
                        170
                    ],
                    [
                        639,
                        173
                    ],
                    [
                        651,
                        178
                    ],
                    [
                        661,
                        183
                    ],
                    [
                        671,
                        190
                    ],
                    [
                        680,
                        195
                    ],
                    [
                        830,
                        279
                    ],
                    [
                        944,
                        348
                    ],
                    [
                        1039,
                        412
                    ],
                    [
                        1042,
                        521
                    ],
                    [
                        1042,
                        585
                    ],
                    [
                        529,
                        589
                    ],
                    [
                        0,
                        589
                    ]
                ],
                "interior": []
            }
        },
        {
            "id": 750052764,
            "classId": 2957382,
            "description": "",
            "geometryType": "polygon",
            "labelerLogin": "Nishikant",
            "createdAt": "2021-06-16T11:21:38.134Z",
            "updatedAt": "2021-06-16T11:21:38.134Z",
            "tags": [
                {
                    "id": 122575180,
                    "tagId": 29184432,
                    "name": "Travel Lane Direction",
                    "value": "Through",
                    "labelerLogin": "Nishikant",
                    "createdAt": "2021-06-16T11:21:38.134Z",
                    "updatedAt": "2021-06-16T11:21:38.134Z"
                }
            ],
            "classTitle": "Travel Lane",
            "points": {
                "exterior": [
                    [
                        0,
                        285
                    ],
                    [
                        85,
                        267
                    ],
                    [
                        91,
                        254
                    ],
                    [
                        107,
                        242
                    ],
                    [
                        102,
                        230
                    ],
                    [
                        215,
                        209
                    ],
                    [
                        357,
                        186
                    ],
                    [
                        422,
                        176
                    ],
                    [
                        469,
                        170
                    ],
                    [
                        485,
                        169
                    ],
                    [
                        486,
                        171
                    ],
                    [
                        498,
                        171
                    ],
                    [
                        508,
                        170
                    ],
                    [
                        508,
                        168
                    ],
                    [
                        516,
                        168
                    ],
                    [
                        520,
                        168
                    ],
                    [
                        526,
                        168
                    ],
                    [
                        436,
                        187
                    ],
                    [
                        302,
                        223
                    ],
                    [
                        90,
                        282
                    ],
                    [
                        0,
                        308
                    ]
                ],
                "interior": []
            }
        },
        {
            "id": 750052763,
            "classId": 2957384,
            "description": "",
            "geometryType": "polygon",
            "labelerLogin": "Nishikant",
            "createdAt": "2021-06-16T11:21:38.134Z",
            "updatedAt": "2021-06-16T11:21:38.134Z",
            "tags": [
                {
                    "id": 122575179,
                    "tagId": 29184434,
                    "name": "Yellow Lane Marking",
                    "value": "Solid",
                    "labelerLogin": "Nishikant",
                    "createdAt": "2021-06-16T11:21:38.134Z",
                    "updatedAt": "2021-06-16T11:21:38.134Z"
                }
            ],
            "classTitle": "Lane Marking",
            "points": {
                "exterior": [
                    [
                        0,
                        388
                    ],
                    [
                        55,
                        365
                    ],
                    [
                        136,
                        332
                    ],
                    [
                        179,
                        313
                    ],
                    [
                        222,
                        296
                    ],
                    [
                        285,
                        270
                    ],
                    [
                        359,
                        240
                    ],
                    [
                        423,
                        215
                    ],
                    [
                        454,
                        203
                    ],
                    [
                        471,
                        196
                    ],
                    [
                        488,
                        189
                    ],
                    [
                        487,
                        188
                    ],
                    [
                        453,
                        202
                    ],
                    [
                        421,
                        214
                    ],
                    [
                        284,
                        268
                    ],
                    [
                        221,
                        293
                    ],
                    [
                        177,
                        311
                    ],
                    [
                        131,
                        330
                    ],
                    [
                        53,
                        362
                    ],
                    [
                        0,
                        384
                    ]
                ],
                "interior": []
            }
        },
        {
            "id": 750052762,
            "classId": 2957383,
            "description": "",
            "geometryType": "polygon",
            "labelerLogin": "Nishikant",
            "createdAt": "2021-06-16T11:21:38.134Z",
            "updatedAt": "2021-06-16T11:21:38.134Z",
            "tags": [
                {
                    "id": 122575178,
                    "tagId": 29184437,
                    "name": "Left Arrow",
                    "value": null,
                    "labelerLogin": "Nishikant",
                    "createdAt": "2021-06-16T11:21:38.134Z",
                    "updatedAt": "2021-06-16T11:21:38.134Z"
                }
            ],
            "classTitle": "Movement Marking",
            "points": {
                "exterior": [
                    [
                        280,
                        240
                    ],
                    [
                        270,
                        244
                    ],
                    [
                        260,
                        247
                    ],
                    [
                        256,
                        249
                    ],
                    [
                        254,
                        251
                    ],
                    [
                        255,
                        253
                    ],
                    [
                        258,
                        253
                    ],
                    [
                        260,
                        253
                    ],
                    [
                        264,
                        254
                    ],
                    [
                        266,
                        253
                    ],
                    [
                        288,
                        245
                    ],
                    [
                        288,
                        247
                    ],
                    [
                        285,
                        254
                    ],
                    [
                        282,
                        261
                    ],
                    [
                        278,
                        265
                    ],
                    [
                        274,
                        265
                    ],
                    [
                        253,
                        267
                    ],
                    [
                        227,
                        268
                    ],
                    [
                        211,
                        270
                    ],
                    [
                        206,
                        271
                    ],
                    [
                        202,
                        270
                    ],
                    [
                        214,
                        266
                    ],
                    [
                        225,
                        263
                    ],
                    [
                        237,
                        261
                    ],
                    [
                        242,
                        260
                    ],
                    [
                        242,
                        259
                    ],
                    [
                        234,
                        259
                    ],
                    [
                        231,
                        258
                    ],
                    [
                        230,
                        256
                    ],
                    [
                        232,
                        253
                    ],
                    [
                        235,
                        250
                    ],
                    [
                        245,
                        246
                    ],
                    [
                        258,
                        242
                    ],
                    [
                        271,
                        238
                    ],
                    [
                        280,
                        239
                    ],
                    [
                        281,
                        239
                    ]
                ],
                "interior": []
            }
        }
    ]
}